Month and Year,Cultivation of crops and animal husbandry; hunting and related service activities,Forestry and logging,Fishing and aquaculture,Coal mining,Crude oil and natural gas production,Metallurgy and metallurgy,Mining and processing of other raw materials from the ground,Mining services,Food production,Manufacture of beverages,Manufacture of textiles,Clothing making,Manufacture of leather and leather products,Manufacture of wood and of products of wood and cork; except furniture; manufacture of articles of straw and plaiting materials,Manufacture of paper and paper products,Printing and duplication of recorded material,Production of coke and refined petroleum products,Manufacture of chemicals and chemical products,Manufacture of pharmaceutical preparations and preparations,Manufacture of rubber and plastic products,Manufacture of non-metallic mineral products,Manufacture of basic metals,Manufacture of fabricated metal products; except machinery and equipment,Manufacture of computer; electronic and optical products,Manufacture of electrical and household appliances,Manufacture of other machinery and equipment nec,Manufacture of motor vehicles and trailers,Manufacture of other vehicles,Manufacture of furniture and fittings,Production; nec,Repair and installation of hardware and equipment,Electricity; gas and heating utilities; refrigeration and ventilation systems,Water supply; collection and treatment of water,Garbage collection; treatment and disposal of waste; material reuse,Decontamination and other waste treatment services,Housing construction; development of construction projects,Civil engineering,Specialized construction activities,Sale; repair and maintenance of motor vehicles and trailers,Wholesale trade; except of motor vehicles and motorcycles,Retail trade; except of motor vehicles and motorcycles,Land transport and by pipeline,Transport by sea and waterways,Air transportation,Warehousing and support activities for transport,Post and courier services,Operation of accommodation,Catering and service,Publishing activities,Production of films; videos and television material; audio recording and music publishing,Radio and television broadcasting; programming,Telecommunications,Information technology services,Information service activities,Financial services; excluding the activities of insurance companies and pension funds,Insurance companies; reinsurance companies and pension funds; other than compulsory social security,Activities related to financial services and insurance,Real estate,Legal services and accounting,Headquarters operations; operations consultancy activities,Activities of architects and engineers; technical tests and analysis,Scientific research and development,Advertising and marketing research,Other professional; scientific and technical activities,Veterinary medicine,Rental activities; except real estate leasing,Employment agency,Travel agencies; tour operators and other booking services,Security and research activities,Real estate management; cleaning services and ornamental gardening,Office services and other business services,Public administration; defense and social security,Educational activities,Health care,Care in residential homes,Social services without a stay in an institution,Creative arts and entertainment,Museum activities and other cultural activities,Financial risk and betting activities,Sports and leisure activities,Activities of NGOs,Repair of computers and objects for personal and household use,Other service activities,Housekeeping with paid staff,Service activities and home production of various products for personal use,Activities of extra territorial organisations and bodies,Working from home,Student,No work history,Uncertain
February 2000,27,24,102,1,1,3,6,,291,177,9,,7,24,10,6,14,24,2,14,1,20,12,9,26,2,,4,1,9,1,5,6,9,2,,22,,103,,47,39,97,344,24,13,8,78,17,61,113,27,3,5,12,5,2,46,2,4,4,11,,9,6,6,2,,8,1,13,4,77,28,79,173,138,55,54,23,22,1,34,27,2,48,1,,,98
March 2000,24,17,119,1,1,3,4,,295,151,7,,8,21,9,6,10,18,2,16,1,20,15,9,22,1,,3,1,6,5,6,4,10,3,,23,,107,,53,46,100,350,24,13,10,85,20,59,106,20,3,5,10,6,3,41,2,4,4,9,,12,6,10,2,,8,2,13,7,64,23,77,171,129,53,54,17,22,1,33,29,2,50,1,,,94
April 2000,19,17,81,,1,2,2,,288,155,5,,8,16,10,4,11,20,1,16,1,21,17,8,18,1,,3,2,5,4,7,5,9,2,,22,,79,,47,33,95,322,22,12,7,66,22,49,97,24,1,4,9,6,4,31,3,4,4,8,,12,4,9,2,,8,2,12,5,59,19,75,157,123,57,49,12,23,1,30,32,3,46,1,,,90
May 2000,16,14,58,,1,1,1,,230,119,2,,6,12,7,4,9,17,1,12,1,19,14,6,15,1,,5,,2,4,6,6,6,,,20,,53,,31,22,85,307,14,11,6,62,21,44,97,16,1,6,7,7,4,30,3,4,5,8,,12,5,7,3,,5,1,8,4,58,12,68,161,113,50,48,14,17,,35,30,1,50,1,,,79
June 2000,12,7,51,,1,1,2,,160,118,2,,6,16,7,2,6,19,1,11,1,19,12,6,9,,,4,,4,3,3,5,5,1,,16,,43,,29,19,71,271,9,9,6,72,19,31,96,15,1,4,12,5,5,33,5,4,5,9,,9,6,7,3,,4,1,4,2,46,12,63,292,93,50,39,11,13,,30,24,1,45,1,,,70
July 2000,16,7,48,,,2,3,,159,96,3,,2,17,7,2,8,20,,11,1,22,10,6,8,,,3,,4,4,2,3,4,1,,11,,35,,26,22,72,256,7,8,7,60,17,23,84,15,1,5,10,6,4,30,4,3,4,9,,8,4,5,2,,4,1,3,2,39,10,49,304,95,37,37,9,11,,22,24,1,43,1,,,68
August 2000,13,8,49,,,1,3,,132,81,2,,2,23,5,2,8,22,1,12,,22,10,7,10,,,3,,6,3,3,3,3,1,,13,,32,,18,19,60,223,12,10,6,57,12,23,79,20,1,4,9,7,3,29,3,3,5,6,,9,4,7,1,,2,2,8,2,41,11,44,187,84,35,41,11,10,,21,22,2,39,1,,,62
September 2000,9,7,57,,,1,2,,124,58,3,,4,22,6,1,7,14,,9,,22,11,4,7,,,1,,5,1,5,2,2,,,15,,25,,19,15,62,199,10,7,5,46,17,28,62,18,1,4,7,6,3,33,4,3,5,6,,7,2,7,1,,2,2,6,2,35,10,43,113,78,33,37,9,12,,22,18,1,29,1,,,52
October 2000,10,7,56,,,1,2,,120,74,3,,6,26,6,2,9,13,1,7,,23,9,6,8,,1,5,,7,1,9,,2,,,14,,29,,18,16,58,215,8,9,5,45,18,31,71,22,2,5,9,5,3,33,3,4,4,8,,7,5,6,1,,4,3,11,2,29,14,44,103,81,29,30,8,11,,24,22,2,29,1,,,49
November 2000,20,12,76,,,3,3,,174,139,1,,6,30,6,3,10,10,2,8,1,21,4,6,13,,,4,1,11,2,10,2,3,,,18,,57,,30,19,60,240,9,10,6,54,20,40,75,24,4,4,8,6,2,33,3,3,5,6,,7,4,9,2,,5,2,12,2,41,16,53,111,86,32,33,8,15,,23,20,3,35,1,,,65
December 2000,24,15,133,,1,3,6,,382,149,1,,5,30,10,5,12,14,2,9,1,21,7,4,14,,,5,1,10,1,19,3,4,,,16,,90,,45,29,64,260,9,8,9,100,18,45,93,24,3,3,9,8,2,32,3,3,4,8,,6,4,11,,,5,4,13,2,45,19,45,124,85,44,35,10,15,,28,21,4,35,1,,,75
January 2001,19,11,88,,,1,8,,340,163,2,,7,28,14,28,13,18,2,12,1,22,6,5,20,,,5,2,11,2,21,4,2,1,,19,,117,,51,38,67,312,12,16,7,83,25,57,118,24,1,4,9,7,3,32,5,3,3,9,,7,3,10,1,,9,3,12,2,50,18,49,129,94,44,35,11,15,,30,19,4,48,1,,,69
February 2001,18,13,91,,,2,6,,289,163,4,,12,29,13,12,12,13,2,12,1,27,6,4,23,,1,4,1,9,3,18,4,3,1,,22,,105,,50,32,65,315,19,11,8,77,25,60,110,25,3,7,9,8,3,31,2,3,6,6,,6,1,8,1,,8,3,10,6,50,19,54,134,90,50,40,14,13,,23,19,3,43,1,,,66
March 2001,20,9,73,,,2,9,,241,137,2,,10,26,14,9,12,19,2,8,1,26,7,4,18,,1,2,,5,4,20,1,4,2,,18,,101,,44,25,70,300,15,12,13,70,17,54,89,25,3,3,8,10,4,28,3,3,6,7,,7,2,7,3,,7,3,9,4,50,18,50,135,83,56,38,13,13,,23,16,3,42,1,,,66
April 2001,18,8,124,,,1,7,,601,130,,,10,27,14,10,10,20,2,8,3,25,6,3,14,,,23,,10,3,23,3,2,2,,17,,101,,42,27,85,309,16,16,16,89,22,49,97,29,1,6,12,11,4,31,4,3,7,9,,7,2,13,3,,5,1,7,6,50,16,51,143,85,52,39,15,7,,24,17,2,37,2,,,67
May 2001,8,19,60,,,1,1,,197,106,1,,12,20,10,6,10,19,2,11,2,23,4,2,12,,,16,,11,3,14,4,5,,,19,,64,,24,22,77,286,12,13,15,62,20,40,89,36,2,7,15,19,14,26,2,4,8,9,,6,8,20,3,,4,1,6,7,44,18,52,139,80,48,38,12,9,,31,16,3,35,2,,,49
June 2001,7,5,55,,1,1,1,,127,81,1,,7,18,7,6,11,20,2,9,1,17,4,5,13,1,,10,1,11,5,11,5,4,1,,11,,62,,20,20,83,287,11,10,11,52,25,38,99,33,3,6,12,17,9,33,2,3,7,8,,7,7,21,2,,4,1,7,5,39,18,53,270,71,50,29,17,10,,25,21,3,43,1,,,58
July 2001,9,5,59,,,1,1,,122,89,1,,8,16,9,4,8,18,2,10,1,16,4,5,13,1,,7,,9,3,6,6,3,1,,12,,67,,19,23,73,260,7,8,8,38,23,39,92,32,2,6,11,21,9,32,2,3,7,9,,8,8,19,2,,3,1,9,4,46,18,50,269,68,46,30,16,9,,22,20,5,37,1,,,61
August 2001,7,8,55,,,1,3,,111,80,2,,7,17,4,3,11,23,2,7,2,19,4,3,15,,,3,,7,4,10,3,2,,,11,,44,,18,22,73,238,10,5,6,38,21,39,66,28,1,9,14,24,11,30,3,3,8,8,1,7,4,14,1,,4,2,9,5,48,13,50,155,64,49,27,16,11,1,23,16,6,27,1,,,50
September 2001,12,7,57,,,1,6,,114,75,3,,8,11,50,3,12,16,2,6,1,21,3,5,16,,,3,,7,1,11,4,3,,,15,,49,,21,25,84,230,18,7,7,48,27,44,79,27,1,8,14,31,8,33,5,3,8,10,,9,8,13,2,,5,4,11,4,38,19,56,134,59,41,34,15,9,,25,7,4,31,1,,,67
October 2001,19,7,63,,,2,3,,131,105,12,,9,14,37,5,10,29,1,6,1,19,4,6,20,,,7,1,4,1,21,5,5,,,18,,84,,41,30,93,273,23,12,12,53,30,51,83,34,4,8,12,34,4,38,5,3,10,15,1,9,8,14,2,,8,3,21,4,44,19,67,127,67,59,37,12,8,,31,8,5,36,1,,,100
November 2001,19,14,90,,,3,7,,172,143,15,,10,20,35,3,10,29,1,7,1,20,9,4,30,,,5,,8,3,22,8,3,,,18,,110,,67,46,92,308,28,11,23,75,33,64,105,40,5,9,14,46,3,49,3,5,8,19,1,10,9,15,2,,9,4,79,8,55,24,73,138,70,61,39,10,10,,31,14,5,39,1,,,133
December 2001,31,20,131,,,2,11,,267,171,11,,11,21,29,3,11,27,1,11,2,20,14,10,39,,,5,,11,6,35,7,4,,,14,,163,,83,57,91,322,30,13,24,99,28,76,117,41,3,10,17,49,4,47,2,5,8,15,1,11,6,18,3,,6,3,92,8,55,29,78,131,72,60,40,10,12,,33,13,4,45,1,,,159
January 2002,44,15,145,,,3,12,,254,202,15,,13,23,19,8,10,45,1,13,3,28,16,15,41,1,,10,1,10,7,44,9,7,,,17,,235,,118,69,101,450,39,14,41,115,37,89,178,48,6,13,18,54,6,55,2,6,8,16,1,12,10,18,3,,13,3,85,5,85,36,91,171,90,76,44,12,12,,34,19,6,52,1,,,199
February 2002,39,20,115,,,4,11,,240,215,16,,16,27,21,11,9,43,1,13,1,35,24,11,45,3,,11,2,9,7,42,9,10,2,,24,,260,,111,73,125,502,42,13,49,107,36,89,182,45,7,16,17,65,8,45,3,5,10,14,,15,13,25,3,,11,3,66,6,85,40,91,179,97,77,43,15,12,,40,20,5,49,1,,,193
March 2002,37,20,120,,,4,11,,227,215,22,,14,27,15,9,13,46,1,12,,37,24,12,47,4,1,10,2,11,8,39,12,8,2,,24,,277,,107,70,137,548,40,12,34,105,40,75,210,49,4,18,18,64,10,42,2,8,13,18,1,16,15,26,3,,13,3,60,7,82,45,95,188,96,82,53,15,12,,39,27,6,56,2,,,169
April 2002,29,13,135,,,3,11,,264,204,19,,19,29,18,10,12,48,1,10,2,37,13,13,47,,,10,2,11,10,35,8,7,1,,19,,252,,94,66,134,539,33,14,30,90,43,76,210,50,4,18,22,71,11,44,6,8,10,19,1,13,13,26,4,,10,2,54,9,80,44,93,193,95,87,54,17,9,,34,28,8,55,2,,,157
May 2002,27,22,153,1,,3,10,,250,195,20,,20,21,15,7,11,49,1,9,4,37,12,5,45,2,,7,2,8,11,31,8,7,2,,24,,210,,88,60,144,544,30,21,28,88,45,66,202,49,4,13,25,69,10,43,8,9,10,18,3,15,14,30,3,,12,4,49,12,84,41,102,209,102,84,72,17,12,2,41,30,8,61,2,,,158
June 2002,22,11,181,1,,3,7,,223,178,17,,19,23,12,5,14,51,1,12,4,34,11,10,40,1,1,6,2,7,8,32,9,3,2,,19,,187,,72,63,136,514,26,21,18,98,36,47,196,54,9,12,24,81,11,49,9,12,10,18,1,17,15,28,3,,10,6,46,9,74,46,96,326,96,75,62,22,12,2,45,26,8,56,2,,,145
July 2002,19,8,165,,,2,6,,242,173,17,,18,24,14,8,13,45,1,9,3,36,9,7,33,1,1,6,1,7,8,31,9,6,1,,20,,173,,65,62,134,512,26,23,17,89,36,57,198,59,7,16,26,74,7,43,9,7,8,20,1,21,13,29,3,,13,3,40,7,82,52,89,369,106,77,60,19,12,1,52,32,9,62,3,,,137
August 2002,16,4,141,,,2,5,,243,154,16,,17,21,10,5,13,38,1,7,5,29,11,6,33,1,1,9,1,7,4,23,11,7,,,18,,172,,57,59,127,433,35,21,20,95,37,54,167,60,8,13,20,70,10,51,8,11,8,17,2,25,14,20,3,,13,3,40,8,78,48,93,286,102,74,58,19,10,,45,20,10,57,3,,,123
September 2002,18,6,128,,,2,6,,213,137,16,,12,16,7,6,14,34,1,10,5,28,12,10,33,2,1,8,1,5,4,24,9,8,,,24,,184,,70,56,125,435,45,18,30,107,45,77,155,59,7,12,28,83,9,48,8,11,8,17,2,21,13,20,4,,8,4,36,6,94,55,99,243,103,79,49,16,10,1,50,21,8,55,3,,,146
October 2002,25,7,156,,,1,7,,272,171,12,,16,19,9,6,14,34,1,9,4,25,17,7,38,,2,9,,6,4,24,7,16,,,32,,199,,101,58,132,453,51,25,54,141,44,83,199,57,10,16,27,70,9,66,10,12,11,21,3,25,20,24,4,,9,3,43,8,110,50,120,227,112,95,56,22,8,1,58,25,8,58,2,,,190
November 2002,27,9,188,,,1,6,,338,233,10,,16,20,11,10,17,34,,15,4,30,26,11,41,1,1,13,,8,6,30,9,15,,,33,,256,,102,68,168,506,60,32,68,117,46,85,217,50,11,16,28,66,10,66,9,14,13,22,4,21,21,24,5,,11,5,40,12,112,47,193,210,114,106,50,22,5,1,62,29,9,59,2,,,225
December 2002,39,13,248,,,1,9,,424,259,13,,14,19,10,9,16,39,1,22,6,37,35,16,43,1,2,12,,11,6,30,9,14,,,31,,311,,125,79,173,515,70,38,69,147,47,92,226,41,12,15,27,65,9,72,6,12,16,22,6,29,28,29,5,,11,6,43,10,125,48,233,211,117,97,46,22,8,1,62,35,10,56,3,,,252
January 2003,47,11,255,,,2,14,,431,286,16,,21,20,13,11,18,46,1,19,6,39,43,22,56,1,1,17,,14,8,41,15,22,1,,39,,370,,164,95,196,620,66,44,70,158,64,88,266,48,15,15,38,74,8,83,7,13,18,27,7,29,34,36,6,,14,6,46,23,160,51,352,200,117,114,43,23,10,,66,52,13,56,1,,,317
February 2003,49,15,246,,,2,13,,424,300,17,,22,18,16,13,16,51,,17,7,46,43,25,70,1,1,18,2,17,8,45,15,22,,,39,,403,,172,108,251,704,77,51,63,158,75,93,275,51,21,12,37,77,9,83,8,11,15,23,7,35,45,37,4,,20,5,47,26,166,50,382,194,125,113,44,25,7,1,78,54,14,54,1,,,323
March 2003,47,13,229,,,2,9,,426,316,18,,20,16,11,10,15,50,1,15,7,45,39,20,70,2,1,17,2,14,8,43,16,19,,,35,,373,,161,96,257,688,70,49,56,132,74,81,295,45,22,15,32,78,10,77,9,11,14,25,8,34,38,36,4,1,21,4,44,23,171,48,325,221,117,136,49,27,7,1,74,50,10,61,1,,,326
April 2003,46,12,205,,,2,7,,421,301,17,,20,16,14,9,15,51,,15,6,38,34,19,58,3,2,18,2,18,9,34,14,20,,,34,,345,,144,83,262,675,68,45,39,118,74,86,270,50,20,19,38,91,9,70,8,7,17,25,8,26,39,38,4,1,21,2,40,24,163,42,307,230,118,128,46,26,8,1,72,46,11,62,1,,,304
May 2003,42,12,226,,,4,9,,420,239,20,,16,16,15,11,15,38,,18,6,35,24,16,56,4,2,13,1,18,8,29,12,17,,,33,,291,,120,77,253,702,63,44,38,96,73,93,297,65,16,20,44,105,9,86,12,8,21,24,11,25,42,40,4,,23,2,43,24,175,48,291,320,131,138,87,28,11,1,81,54,13,65,1,,,208
June 2003,35,7,205,,,2,6,,352,229,21,,18,19,10,8,15,35,,19,10,33,14,15,47,3,4,14,2,14,8,30,7,15,,,27,,240,,96,71,230,614,47,38,32,85,72,82,282,58,15,22,36,98,9,82,13,8,18,22,11,30,36,28,3,,17,3,34,20,165,45,267,398,114,121,73,30,10,1,77,55,11,59,1,,,210
July 2003,24,10,195,,,2,6,,378,202,19,,15,17,9,8,13,35,,19,8,33,17,15,46,3,3,12,2,9,9,26,8,12,,,29,,197,,79,78,211,577,42,29,20,88,64,70,250,54,13,16,36,85,6,78,9,9,15,21,11,28,26,30,3,,16,3,30,20,150,43,256,404,111,109,64,27,11,1,75,50,11,61,1,,,203
August 2003,21,9,185,,1,2,4,,327,168,22,,11,13,8,6,12,38,,18,8,26,13,10,40,2,3,11,1,14,7,25,9,12,,,22,,182,,72,67,204,505,46,31,16,76,57,61,220,52,10,16,33,71,6,81,12,11,17,19,10,26,21,31,3,,14,3,26,19,154,36,272,294,117,102,73,28,8,,64,56,11,51,1,,,194
September 2003,21,9,182,,,2,5,,332,163,23,,13,10,9,8,12,37,,21,8,24,13,14,43,,3,10,1,12,5,20,7,15,,,27,,176,,76,63,186,466,57,29,21,77,63,77,198,46,8,19,29,61,4,83,13,11,17,22,8,24,23,25,4,1,14,6,31,19,136,31,277,224,105,96,63,25,10,,64,45,9,52,1,,,203
October 2003,22,11,168,,,2,7,,301,189,21,,13,7,8,12,10,36,,21,7,29,16,17,42,,3,12,1,14,7,20,9,16,,,29,,204,,91,62,192,508,58,28,31,90,70,101,195,50,9,16,28,62,2,75,11,14,19,20,9,25,27,29,5,,12,6,36,22,144,35,271,203,118,98,62,27,12,,65,52,11,45,1,,,234
November 2003,34,11,171,,,2,6,,328,249,21,,14,7,8,14,10,40,,22,6,28,25,16,46,,2,13,1,17,7,23,7,18,,,27,,233,,124,69,234,534,64,31,43,97,68,109,197,56,14,21,33,58,5,71,13,12,20,17,7,31,22,29,6,,14,6,38,20,148,36,280,215,121,96,58,29,12,,64,58,11,54,2,,,259
December 2003,41,11,213,,,2,6,,420,270,23,,17,11,9,12,11,43,,21,7,26,40,17,48,,1,15,1,20,8,26,13,18,,,29,,263,,131,85,232,521,70,37,50,97,68,115,214,50,9,15,31,60,5,80,13,11,25,19,8,28,26,30,5,,11,5,43,25,160,36,298,207,125,104,60,25,13,,69,59,13,55,1,,,286
January 2004,36,15,212,,,1,5,,393,275,22,,16,13,10,9,10,43,,16,6,34,45,13,55,,,15,1,19,8,34,9,23,,,29,,296,,155,88,240,575,78,41,37,98,73,127,237,49,15,16,30,65,5,91,11,12,26,19,6,32,30,24,3,,16,4,40,18,186,34,308,222,132,108,58,26,12,1,63,54,14,61,1,,,307
February 2004,32,14,204,1,,1,7,,354,283,18,,18,8,13,8,9,44,,14,6,37,43,10,63,,,15,1,20,6,32,7,21,,,26,,305,,160,104,254,583,71,41,32,100,76,110,260,55,15,14,30,73,4,84,11,8,25,21,8,33,28,29,4,,17,6,38,18,174,35,309,214,123,116,59,27,12,1,55,54,10,64,1,,,309
March 2004,31,10,194,,,1,5,,350,253,16,,15,9,14,9,7,42,,18,4,35,35,14,57,,,13,2,24,7,27,8,15,,,25,,279,,141,90,255,600,70,42,28,96,79,103,259,58,14,13,31,71,6,86,11,9,24,20,8,32,24,25,3,,15,6,31,19,182,39,322,225,123,117,58,24,10,1,60,60,12,60,1,,,326
April 2004,27,10,202,,,1,5,,333,250,15,,13,7,13,7,5,42,,10,3,37,26,13,56,,,12,2,17,7,27,9,14,,,21,,248,,122,72,264,598,55,38,25,87,63,114,252,57,17,16,31,63,3,85,11,9,25,18,6,28,24,23,3,,16,8,32,20,171,37,330,224,117,116,55,26,13,1,60,66,11,54,1,,,320
May 2004,27,18,192,,,1,4,,328,238,17,,13,10,11,4,4,44,,11,3,35,23,19,65,1,1,13,2,19,6,28,12,12,,,25,,235,,100,79,280,631,48,40,21,73,81,105,267,67,21,17,32,55,4,87,12,11,28,23,10,30,27,18,2,,15,7,30,20,190,38,379,273,115,130,71,25,19,,63,71,11,57,1,,,330
June 2004,27,9,195,,,2,6,,324,209,14,,18,13,12,8,4,40,,9,3,32,21,16,46,2,,16,2,15,3,21,12,15,,,25,,207,,87,78,266,581,31,36,18,72,71,82,253,76,15,20,21,56,3,80,12,10,23,20,12,26,29,23,2,,14,8,28,18,196,31,346,391,111,123,74,23,15,,60,64,10,61,2,,,295
July 2004,24,6,202,,,3,4,,354,205,13,,19,12,12,7,6,34,,9,3,31,16,13,37,1,,19,,14,5,21,11,10,,,23,,183,,87,74,266,563,29,37,19,70,66,77,221,66,11,20,19,54,3,75,12,14,19,19,11,26,29,19,2,,13,7,27,19,193,40,391,395,116,116,71,25,17,2,54,56,8,62,2,,,293
August 2004,23,6,163,,,2,5,,280,206,12,,21,9,9,6,5,35,,9,3,31,18,12,35,,,15,,15,5,19,8,9,,,17,,156,,71,63,257,518,29,32,19,67,62,70,187,55,14,19,18,46,3,74,15,12,25,20,6,22,26,19,2,,9,6,29,20,153,38,356,288,121,109,71,20,17,2,52,65,9,63,2,,,285
September 2004,20,5,131,,,1,5,,265,177,13,,24,14,8,6,6,32,,9,3,31,19,12,34,,,16,,16,5,17,6,9,,,16,,150,,67,50,243,467,42,31,23,75,59,82,190,57,10,15,17,46,2,76,16,7,23,24,5,19,19,14,2,,8,7,28,19,134,35,332,233,117,105,52,15,13,3,43,59,8,57,,,,260
October 2004,22,7,126,,,1,4,,255,168,15,,22,11,9,7,7,32,,11,2,30,21,12,34,1,,14,,12,6,18,10,8,,,17,,181,,74,50,238,487,42,27,29,71,56,88,176,57,13,13,18,43,2,84,11,9,22,25,4,16,15,13,3,,10,7,28,15,140,36,336,218,123,102,57,20,15,3,44,57,8,61,,,,263
November 2004,25,6,128,,1,2,4,,244,206,11,,23,11,8,8,8,29,,10,3,29,27,11,38,1,,12,1,11,3,18,11,9,,,20,,176,,88,52,230,473,55,33,25,95,57,98,185,57,10,12,21,43,3,79,14,9,25,22,3,10,18,12,2,,12,8,31,18,127,33,317,224,120,112,47,16,13,3,56,54,9,61,,,,266
December 2004,32,5,160,,,1,26,,365,211,10,,20,11,8,9,7,27,,12,4,34,35,15,39,,,14,,10,5,15,11,10,,,22,,202,,101,56,236,486,57,33,29,100,59,103,193,53,9,13,24,42,2,84,12,10,26,22,3,8,19,12,2,,10,9,31,20,142,33,326,220,121,125,49,18,11,3,50,55,7,58,,,,259
January 2005,37,4,159,,1,1,19,,334,232,16,,18,10,8,11,9,31,,13,3,38,30,12,38,1,1,8,,13,4,14,6,18,,,23,,225,,108,58,232,530,54,35,39,92,65,105,177,54,10,18,20,45,2,80,11,10,21,23,5,9,16,13,2,,14,7,27,21,149,24,327,216,122,128,55,21,13,4,51,56,6,64,,,,284
February 2005,29,4,140,,1,1,13,,255,213,11,,22,9,9,6,9,29,,13,4,30,27,9,36,1,1,13,1,9,5,14,7,17,,,23,,218,,96,63,228,520,49,29,36,90,64,96,178,51,8,17,16,47,5,79,9,9,21,18,6,10,18,12,2,,13,6,26,21,154,24,299,219,119,122,55,17,10,5,48,55,7,58,,,,270
March 2005,24,4,111,,1,1,12,,277,189,11,,20,10,9,6,9,20,,11,2,30,23,10,33,1,,12,1,11,1,13,5,9,,,20,,182,,82,58,217,470,43,23,25,90,62,84,170,47,9,13,22,33,3,67,11,9,22,20,5,12,17,14,1,,14,6,24,17,138,22,253,194,117,110,44,16,9,3,48,49,4,53,,,,251
April 2005,26,4,117,,,,14,,240,165,8,,17,11,8,5,7,19,,9,3,27,19,8,29,1,,10,1,9,1,13,5,8,,,13,,155,,68,53,200,448,37,26,24,75,56,72,162,42,9,9,16,34,3,64,10,9,20,21,6,9,19,14,3,,14,5,25,9,131,24,230,182,107,108,40,17,10,4,44,41,3,51,,,,242
May 2005,19,1,113,,,,7,,232,154,6,,10,12,6,7,5,20,,8,4,25,19,6,27,1,,14,2,7,2,16,6,5,,,13,,133,,52,47,178,429,33,24,19,58,59,69,160,40,10,13,14,26,5,58,9,9,18,22,5,14,19,12,1,,9,6,22,14,116,27,212,226,100,112,45,16,13,4,51,42,3,51,,,,276
June 2005,20,4,120,,,,5,,225,145,6,,10,15,6,7,8,23,,8,3,26,10,8,20,1,,14,2,10,2,17,6,5,,,11,,108,,46,39,169,399,20,17,16,45,56,58,146,38,7,13,18,30,4,49,8,7,14,22,7,9,18,10,,,7,6,20,15,122,27,187,289,79,95,50,20,13,3,49,47,3,49,,,,246
July 2005,21,4,124,,,,4,,262,150,4,,9,15,5,4,7,21,,11,3,30,9,5,16,1,,14,2,9,3,16,5,6,,,13,,104,,46,40,162,390,20,14,14,39,54,56,145,42,7,12,18,20,4,55,5,7,15,20,6,9,22,9,,,4,6,22,12,137,29,163,307,83,99,54,17,17,3,48,51,3,40,,,,219
August 2005,16,3,106,,,,2,,203,115,5,,7,9,4,4,6,21,,8,2,23,10,5,13,,,7,1,9,2,15,5,7,,,14,,87,,44,32,140,308,17,13,14,43,47,51,109,40,8,12,18,16,3,41,5,8,16,17,3,10,13,8,,,5,6,20,13,114,21,145,176,69,74,35,15,13,3,31,36,3,32,,,,203
September 2005,10,5,106,,,,2,,194,93,6,,8,11,3,1,5,17,,6,1,18,11,5,18,,,6,,9,1,15,6,6,,,14,,92,,39,27,134,241,21,11,13,39,40,58,94,36,7,10,16,13,3,33,5,6,16,13,4,9,15,11,,,5,5,20,13,93,16,116,134,78,66,29,9,10,3,28,38,4,27,,,,173
October 2005,17,5,92,,,,2,,188,114,5,,7,7,3,3,4,15,,10,2,17,16,3,20,,,4,,26,2,15,7,6,,,10,,76,,49,28,126,235,17,13,16,38,38,50,84,32,7,9,23,11,2,36,4,5,10,17,3,7,13,11,1,,4,5,17,29,98,15,110,121,90,61,28,6,12,3,35,42,4,31,,,,174
November 2005,20,5,115,,,,1,,184,136,4,,7,6,1,4,4,16,,7,2,14,18,3,21,,,8,,19,3,11,9,6,,,11,,95,,52,33,126,245,24,18,21,47,37,56,100,27,7,8,23,17,2,33,6,5,11,14,2,7,11,11,2,1,4,4,16,28,97,13,108,114,96,67,27,8,14,3,39,36,4,30,,,,178
December 2005,20,6,114,,,,7,,207,133,3,,8,10,3,5,3,16,,5,1,16,17,2,17,1,,12,,18,3,14,8,6,,,12,,100,,54,28,129,256,24,20,17,53,42,55,116,28,4,7,18,15,2,37,5,4,9,11,3,6,12,10,1,1,3,5,12,27,108,15,112,112,98,68,23,7,18,2,31,38,5,27,,,,182
January 2006,19,6,114,,,,6,,223,137,4,,11,10,10,6,3,15,,4,4,22,17,6,18,,,7,,15,2,14,7,7,,,15,,104,,61,31,124,277,26,24,17,57,38,69,130,28,4,6,16,12,3,34,5,4,4,12,3,6,9,7,1,,4,4,14,27,94,21,107,114,111,59,30,6,12,2,41,36,5,30,,,,189
February 2006,17,5,113,,,,6,,180,125,4,,12,8,8,6,4,15,,3,5,19,12,5,19,,,6,,15,2,15,7,4,,,11,,111,,62,30,116,280,28,21,20,43,39,59,121,27,2,7,21,14,3,31,5,3,5,11,5,7,10,9,,1,5,4,16,23,91,16,102,114,99,64,33,7,12,1,30,37,3,27,,,,183
March 2006,18,6,112,,,,5,,179,121,3,,8,7,14,6,3,15,,3,2,16,17,5,12,,,7,,14,1,15,8,4,,,12,,95,,64,25,110,244,21,25,15,46,40,59,100,24,4,7,13,13,2,28,1,2,7,9,3,7,12,10,,1,7,4,17,24,94,16,103,106,74,58,27,7,14,,30,35,2,27,,,,172
April 2006,18,4,113,,,,6,,174,121,2,,7,8,14,5,4,15,,3,1,18,11,5,15,,,8,,15,2,13,6,6,,,12,,84,,52,22,113,229,23,22,10,37,37,56,104,25,4,9,11,13,2,21,1,2,10,10,2,7,11,13,,1,4,4,14,19,77,21,83,106,73,66,24,6,12,,30,35,1,29,,,,183
May 2006,16,2,92,,,1,5,,151,99,4,,7,6,10,3,2,15,,2,1,15,12,2,14,,,7,,9,5,11,8,4,,,13,,72,,44,16,122,253,24,19,13,38,38,42,105,25,5,9,14,9,5,25,2,2,8,13,5,7,11,15,2,1,5,3,18,18,77,17,88,151,75,84,20,8,12,,36,37,,28,,,,196
June 2006,16,2,84,1,,,5,,162,87,4,,5,4,10,1,3,19,,3,2,14,13,7,10,,,6,1,9,3,12,7,3,,,9,,81,,37,18,114,242,20,24,12,39,42,41,110,19,5,11,13,11,5,32,3,3,9,14,2,7,11,15,2,1,7,3,10,15,75,15,73,208,71,83,26,11,12,,31,35,,28,,,,196
July 2006,16,2,124,1,,,5,,164,83,7,,6,4,10,3,3,18,,2,2,14,11,4,11,,,7,1,7,4,12,7,3,,,10,,80,,43,20,127,240,19,30,11,39,41,37,117,24,4,9,15,8,4,37,3,1,14,15,3,8,10,19,3,1,7,3,11,19,74,15,78,208,63,81,25,14,11,,33,35,,29,,,,225
August 2006,13,3,81,,,,4,,149,61,5,,5,2,9,3,4,13,,2,3,10,6,5,12,,,7,1,7,4,10,7,3,,,5,,78,,30,16,110,176,16,28,13,33,31,40,90,22,4,7,22,8,2,28,4,1,9,14,7,6,7,12,1,,5,3,12,13,60,12,68,110,62,57,21,9,11,,31,30,,24,,,,168
September 2006,11,2,67,,,,4,,134,57,4,,4,4,10,4,4,10,,3,1,5,8,5,9,,,5,2,7,3,7,5,4,,,4,,69,,24,14,99,169,17,24,10,36,27,39,84,21,3,6,19,10,2,28,3,1,11,14,3,5,9,15,2,,3,3,12,17,53,16,62,100,60,50,16,8,13,,17,26,2,20,,,,156
October 2006,12,2,69,,,,4,,128,59,5,,3,4,10,3,3,8,,8,,9,6,6,9,,,5,2,8,3,9,3,3,,,3,,75,,30,11,93,165,21,22,20,40,24,37,75,25,3,6,21,7,4,29,4,2,11,13,3,4,8,13,2,,7,3,13,18,53,18,61,92,57,43,14,10,10,,18,29,2,22,,,,218
November 2006,17,3,72,,,,4,,151,73,4,,5,4,8,3,3,8,,7,,9,6,7,7,,,4,4,8,2,10,4,6,,,5,,79,,34,14,91,172,22,24,22,35,22,38,72,24,4,6,19,9,4,27,4,1,12,14,4,3,13,11,2,,7,3,13,16,55,17,58,75,56,38,15,9,11,,21,29,2,20,,,,260
December 2006,18,4,85,,,,3,,162,80,4,,6,4,8,2,4,11,,7,1,9,9,7,8,,,5,4,7,3,10,4,5,,,3,,98,,47,18,101,193,28,19,16,50,25,46,72,23,4,8,14,12,5,25,5,1,14,14,3,4,7,12,2,,8,5,12,15,56,19,65,87,65,43,18,11,12,,20,30,3,22,,,,280
January 2007,19,4,91,,,,4,,178,88,4,,4,4,9,1,3,11,,6,2,10,12,9,11,,,3,3,6,3,12,2,4,,,5,,94,,40,26,96,215,21,17,22,50,30,47,63,26,5,7,13,13,4,24,4,1,13,16,5,4,12,8,2,,7,3,12,14,54,17,65,82,64,47,19,9,16,,24,32,3,29,,,,274
February 2007,21,6,84,,,,4,,146,82,6,,7,2,10,4,3,11,,7,3,12,13,11,10,,,3,2,4,4,9,2,4,,,6,,94,,40,27,96,260,19,17,24,46,25,50,71,27,5,11,14,16,4,36,5,1,10,18,4,4,19,14,2,,7,4,12,12,60,11,62,76,65,47,18,12,12,,17,32,3,23,,,,272
March 2007,19,5,80,,,,5,,149,82,8,,3,2,8,6,2,6,,5,3,11,16,10,11,,,3,2,5,6,9,1,4,,,5,,88,,42,23,99,247,27,21,20,45,22,42,70,18,5,7,12,11,2,28,5,1,11,12,2,6,17,19,2,,6,3,11,13,49,13,56,83,59,49,15,10,12,,19,31,,27,,,,249
April 2007,17,4,80,,,,3,,145,81,8,,6,3,8,5,2,7,,8,4,12,17,8,8,,,3,3,6,3,7,1,4,,,4,,75,,37,16,88,212,22,20,13,43,28,39,70,22,3,5,9,10,3,26,5,1,10,12,5,4,18,15,2,,7,3,6,13,45,10,50,86,55,44,13,12,12,,21,27,,29,,,,242
May 2007,17,4,75,,,,3,,148,69,6,,4,2,6,6,2,8,,7,4,11,15,4,8,,,6,3,6,2,9,2,8,,,1,,62,,36,19,91,214,18,17,8,39,32,35,67,28,3,8,9,9,2,27,3,,12,14,7,5,13,16,4,,5,2,9,14,47,15,54,99,55,55,17,13,12,,19,26,,28,,,,258
June 2007,14,3,65,,,,2,,145,55,6,,3,2,7,4,3,6,,5,3,7,15,3,8,,,3,3,7,3,7,2,8,,,1,,56,,24,14,84,163,15,13,6,32,27,26,71,26,6,5,11,9,3,25,4,,12,15,4,8,11,13,3,,4,2,8,13,48,16,51,110,45,48,13,8,7,,19,29,1,23,,,,243
July 2007,12,3,75,,,,1,,159,52,8,,4,2,6,2,4,3,,4,3,7,14,2,8,,,3,2,6,3,7,1,4,,,1,,52,,26,13,79,169,13,13,6,29,25,20,72,25,5,5,12,4,5,21,4,,10,13,7,6,9,14,3,,1,1,7,10,42,18,46,108,46,39,14,9,9,,23,29,1,19,,,,236
August 2007,8,2,69,,,,2,,149,37,5,,5,3,5,3,4,8,,5,4,8,10,3,7,,,3,2,5,2,7,1,3,,,3,,52,,29,12,73,155,10,12,8,30,26,20,54,22,4,8,11,5,5,15,1,,9,9,3,4,7,11,2,,5,3,8,7,37,21,48,83,36,44,11,9,11,,19,19,1,18,,,,198
September 2007,7,2,68,,,,,,148,36,5,,3,3,5,2,4,7,,5,4,8,11,2,8,,,4,3,5,2,7,2,7,,,5,,52,,31,10,62,155,12,11,11,23,24,23,46,24,4,5,10,5,4,18,1,,11,7,5,7,8,7,2,,3,4,10,12,38,12,43,64,45,36,11,6,10,,21,18,2,19,,,,201
October 2007,11,,71,1,,,,,118,39,4,,2,2,5,2,4,4,,3,2,7,10,3,6,,,5,2,4,2,7,2,4,,,5,,57,,23,9,65,140,14,18,18,29,25,29,55,21,3,3,12,5,3,22,1,,8,11,3,7,12,7,2,,4,5,12,7,45,9,41,57,38,26,10,7,5,,25,17,1,20,,,,185
November 2007,10,1,82,1,,,,,128,52,4,,3,2,5,2,4,4,,5,1,12,10,2,5,,,3,3,3,1,8,3,7,,,6,,62,,34,7,60,137,15,17,17,37,24,27,60,17,3,5,9,8,3,19,1,,11,11,4,6,11,8,2,,4,6,10,9,39,11,40,55,36,30,10,5,4,,23,18,2,14,,,,171
December 2007,11,2,88,1,,,1,,156,52,8,,3,2,5,1,3,5,,5,2,11,11,1,11,,,2,2,3,1,6,2,8,,,6,,67,,37,8,60,139,26,14,25,35,21,27,77,12,3,1,8,10,1,22,1,,8,9,4,4,13,4,1,,3,4,9,10,42,12,36,50,33,29,11,6,6,,27,16,2,15,,,,191
January 2008,13,2,88,1,,,1,,181,60,7,,3,5,6,1,3,3,,4,3,11,12,3,15,1,,1,2,2,1,5,2,8,,,6,,68,,49,6,66,173,23,13,35,39,25,28,101,15,3,3,7,9,1,26,1,,9,6,7,1,10,3,2,,7,4,7,12,50,12,39,44,44,33,11,4,8,,26,14,2,19,1,,,240
February 2008,14,2,76,,,,1,,156,70,7,,5,3,6,4,3,5,,4,4,10,17,5,17,2,,2,2,3,,6,3,8,,,7,,68,,65,8,64,171,21,11,34,38,27,34,89,19,2,1,8,7,2,25,2,,10,6,3,1,7,2,2,1,10,4,8,12,45,18,38,53,41,36,8,6,6,,29,14,2,19,,,,277
March 2008,14,1,71,,,,2,,136,73,6,,4,4,5,3,2,8,,4,3,10,17,5,22,2,,5,2,4,1,6,6,7,,,8,,97,,65,15,70,202,20,11,32,38,34,35,88,18,2,2,12,10,3,27,2,,12,7,3,2,7,6,2,1,13,7,9,12,54,16,41,59,41,28,9,6,5,,32,13,2,17,,,,275
April 2008,18,1,80,,,,1,,147,64,4,,5,3,5,5,2,8,,2,5,9,14,10,17,2,,6,3,2,2,8,5,7,,,5,,86,,55,15,86,202,18,10,27,37,32,32,88,19,2,4,13,11,3,22,3,,13,7,3,3,4,2,2,,12,7,10,14,51,11,39,63,41,34,9,4,7,,32,15,3,18,,,,248
May 2008,16,,100,,,,1,,154,59,4,,5,2,4,4,2,10,,6,5,7,15,10,11,1,,8,2,2,3,8,5,8,,,4,,76,1,47,18,85,199,13,9,13,35,35,24,92,26,4,5,17,9,2,26,3,1,18,6,3,2,8,5,2,,9,5,9,9,55,14,92,60,45,34,9,4,5,,31,23,4,20,,,,304
June 2008,12,1,111,,,,2,,162,55,6,,4,3,5,2,2,11,,5,3,9,15,10,14,,,8,1,2,4,8,6,8,,,5,,79,1,44,17,100,214,15,9,7,29,26,29,84,28,3,10,16,8,2,32,4,1,17,8,7,6,10,5,1,,6,4,6,10,50,15,131,88,44,30,9,4,5,1,22,23,3,23,,,,299
July 2008,14,5,138,,,,1,,166,52,9,,3,4,4,2,2,11,,5,3,10,26,10,9,,,6,1,1,,9,5,8,,,6,,84,2,53,21,101,216,15,10,7,34,30,33,94,29,4,10,20,7,2,35,3,1,22,7,4,8,17,4,1,,8,5,6,7,57,17,159,81,45,32,9,3,4,,22,20,3,26,,,,364
August 2008,14,1,128,,,,1,,160,58,8,,3,7,3,4,2,11,,7,2,7,42,7,13,1,,6,1,2,1,9,5,7,,1,9,,104,3,49,23,108,224,20,14,7,35,35,31,83,28,7,10,18,9,3,32,4,1,29,9,6,15,12,6,1,,8,9,10,13,62,14,112,66,47,33,11,5,6,,26,24,1,27,,,,349
September 2008,19,1,105,,,,,,159,62,8,,2,8,3,3,2,15,,6,3,10,41,10,18,1,,7,1,3,4,14,3,7,,,8,,136,2,74,29,118,231,26,17,39,43,35,48,90,33,6,12,21,11,5,37,3,2,39,10,7,15,11,5,3,,9,7,14,14,77,21,89,62,56,44,10,4,8,1,26,27,3,27,,,,390
October 2008,28,3,127,,,,5,,190,103,16,,6,11,3,12,4,20,,8,5,23,49,14,30,1,,4,,4,8,18,5,10,,,9,,311,6,178,54,172,360,53,27,83,105,49,79,134,43,9,12,34,19,7,56,5,4,63,16,9,25,16,13,5,,10,10,30,20,106,28,98,71,81,66,15,5,11,1,48,35,6,39,,,,624
November 2008,55,4,145,,1,,6,,243,150,20,,12,10,3,27,6,28,,23,6,32,125,24,56,3,1,12,1,8,11,24,16,19,,,16,,726,19,400,128,313,540,101,27,155,169,72,109,204,76,18,16,43,25,14,89,7,6,98,26,17,75,21,28,7,,26,21,116,44,155,47,119,109,100,92,22,13,15,1,65,44,11,88,,,,646
December 2008,74,4,185,,1,1,14,,290,200,22,,12,16,3,64,6,46,,33,8,54,267,28,80,4,2,18,4,11,17,52,23,33,,2,20,,"1,193",41,668,204,447,754,160,40,182,187,88,159,265,100,18,18,60,36,20,125,9,10,131,39,22,131,20,40,9,,38,19,129,68,233,57,140,134,117,112,25,25,17,3,85,58,18,134,,,,800
January 2009,100,7,206,,1,2,16,,369,296,26,,15,21,3,83,7,188,,39,8,57,282,46,119,5,3,30,6,15,40,62,35,40,,3,52,,"1,590",68,911,355,644,"1,061",255,49,218,240,107,211,376,133,26,31,85,55,35,188,18,12,189,47,40,205,27,67,28,,69,23,132,79,324,75,144,187,162,151,36,39,23,3,114,75,22,213,,,,"1,083"
February 2009,125,10,240,1,1,2,17,,404,337,34,,18,28,5,93,9,336,,41,8,64,311,54,176,9,5,35,9,19,96,81,43,46,,2,62,,"1,968",71,"1,122",412,867,"1,461",293,66,239,303,154,242,466,188,36,42,109,81,42,297,18,17,235,73,52,367,28,102,35,,90,26,129,93,386,87,161,203,183,161,42,55,22,4,134,85,34,236,,,,"1,247"
March 2009,133,9,284,1,1,2,18,,443,369,35,,22,26,5,106,11,337,,41,8,70,311,55,204,9,5,36,9,21,83,77,51,45,,3,78,,"2,139",79,"1,262",444,917,"1,634",315,90,249,300,180,244,512,207,41,50,124,115,45,312,18,17,262,81,56,401,32,107,40,,95,31,121,101,428,96,160,221,202,189,39,65,22,5,144,98,39,254,,1,,"1,330"
April 2009,120,12,279,1,1,2,15,,444,358,37,,15,29,6,85,10,245,,37,9,67,285,56,206,12,6,39,9,23,69,74,59,52,,1,84,,"2,094",81,"1,266",395,938,"1,642",305,87,210,288,182,230,532,213,40,56,134,143,44,323,22,15,272,95,58,440,33,104,42,,90,32,110,101,435,94,160,243,213,195,46,71,24,6,142,104,36,261,,1,,"1,355"
May 2009,117,10,283,1,1,2,16,,430,360,35,,15,32,4,75,12,230,,42,10,65,236,54,215,13,7,39,9,26,60,68,57,51,,2,73,,1988,68,1165,387,910,1678,277,92,154,255,184,206,534,220,40,56,121,163,45,355,23,19,271,89,72,453,29,97,44,,76,30,96,95,419,86,179,275,220,212,54,68,22,4,160,115,39,253,,1,,1336
June 2009,104,9,292,1,,2,13,,401,338,39,,16,34,5,66,10,196,,35,8,64,199,48,182,12,4,38,9,24,61,54,49,50,,2,63,,"1,681",69,955,346,855,"1,652",237,91,114,205,185,178,540,229,46,57,133,166,38,410,30,29,269,94,75,410,35,96,43,,60,28,82,89,428,94,188,399,236,230,69,67,21,3,158,122,35,226,,1,,"1,316"
July 2009,102,9,303,1,,1,13,,400,326,42,,16,32,3,63,12,181,,37,9,64,216,45,158,12,2,34,10,23,60,62,55,52,,2,61,,"1,539",68,859,337,834,"1,614",212,84,120,182,188,189,553,224,49,56,125,166,44,411,34,27,258,93,76,388,34,90,46,2,61,24,77,92,433,90,188,441,245,221,94,69,24,1,158,125,31,243,,,,"1,292"
August 2009,99,5,304,2,,,16,,365,314,35,,15,30,3,55,11,177,,43,6,55,176,50,177,12,3,30,9,19,61,55,54,51,,2,55,,"1,439",64,809,319,816,"1,395",222,77,116,185,171,186,475,198,46,49,119,158,40,389,32,28,240,88,67,375,38,90,48,2,53,25,77,101,414,89,176,415,246,199,81,66,21,2,144,133,33,236,,,,"1,290"
September 2009,92,9,268,4,,,15,2,349,281,39,,13,24,3,58,11,166,,41,6,53,184,50,163,8,4,26,8,18,72,48,51,52,,2,60,,"1,408",67,802,290,788,"1,316",245,84,127,224,147,205,463,160,41,45,109,137,35,321,24,23,224,85,58,357,35,81,43,3,65,25,73,88,410,81,169,352,275,195,62,61,21,3,146,136,23,222,,,,"1,214"
October 2009,110,8,312,2,,1,18,2,388,330,43,,13,24,3,59,10,151,,43,7,55,189,59,165,9,5,24,7,19,74,54,49,54,,2,65,,"1,429",68,861,289,776,"1,354",252,93,169,261,152,244,499,161,36,44,108,131,34,334,23,25,224,89,62,351,32,78,46,2,66,26,91,91,426,83,170,361,301,222,65,61,23,3,152,149,24,238,,,,"1,236"
November 2009,134,11,341,3,,2,21,2,423,389,43,,13,25,3,60,9,129,,38,8,55,257,72,171,9,5,28,9,20,38,53,47,52,,2,66,,"1,531",78,899,299,786,"1,412",284,100,170,268,155,273,518,158,33,47,109,121,34,340,25,25,217,95,60,346,43,77,45,2,67,26,89,89,449,85,174,368,300,225,64,61,26,2,173,166,26,237,,1,,"1,301"
December 2009,147,10,380,2,,2,20,2,428,410,50,,12,26,3,63,9,120,,37,7,49,281,72,180,10,6,31,8,21,41,54,44,53,,1,73,,"1,574",78,977,317,791,"1,409",295,105,174,268,146,276,515,155,31,49,110,129,30,333,24,27,218,96,62,335,42,74,45,3,77,24,89,97,462,85,177,381,299,230,62,56,29,2,182,177,25,231,,1,,"1,303"
January 2010,159,16,370,3,,1,22,2,461,425,68,,15,30,5,69,9,136,,37,5,58,274,81,183,10,7,36,9,31,46,62,45,55,,2,82,,"1,765",84,"1,119",356,799,"1,498",297,109,184,286,162,313,564,155,34,52,109,119,31,335,24,26,219,82,65,336,48,70,37,3,77,26,95,110,480,95,192,410,329,266,54,66,29,3,180,176,25,247,,1,,"1,426"
February 2010,159,12,365,3,,2,23,2,452,448,71,,17,26,5,91,9,130,,40,6,61,258,82,172,10,5,37,9,29,90,63,51,51,,2,85,,"1,764",97,"1,128",381,814,"1,549",301,103,190,279,176,314,547,156,42,52,105,114,29,329,23,23,210,82,64,346,54,59,39,4,79,28,96,111,499,98,185,420,333,270,53,64,29,2,177,180,29,246,,,,"1,435"
March 2010,156,11,370,3,,3,25,2,479,456,77,,15,29,4,72,8,128,,39,10,66,249,85,166,10,5,31,9,29,81,62,45,53,,2,85,,"1,740",83,"1,085",379,815,"1,581",281,110,181,275,175,305,582,153,45,50,107,107,29,339,26,21,202,79,60,322,65,59,39,5,78,30,96,103,500,100,184,415,332,267,53,60,30,2,179,181,26,226,,,,"1,455"
April 2010,150,11,378,2,,3,23,2,503,448,77,,15,29,4,74,8,112,,41,9,60,206,85,164,7,5,32,7,30,72,57,44,55,1,2,78,,"1,614",80,997,328,809,"1,581",259,110,145,250,175,297,580,148,45,53,98,106,31,343,30,19,196,76,58,293,66,58,37,5,77,24,87,101,490,96,183,412,342,292,54,62,28,2,172,175,24,221,,,,"1,409"
May 2010,128,8,379,3,,5,19,1,481,414,69,,14,28,2,68,9,108,,39,5,53,203,76,150,9,5,30,7,28,49,54,40,46,1,2,66,,"1,420",70,834,327,785,"1,529",216,101,116,204,171,261,551,145,43,56,99,109,30,329,29,20,197,73,54,274,63,53,38,4,65,22,81,116,449,89,167,442,333,283,53,62,25,3,169,164,21,199,,,,"1,324"
June 2010,118,8,389,3,,2,16,1,447,367,58,,14,28,2,59,9,92,,34,8,54,170,71,143,8,5,22,7,25,43,44,37,34,1,2,54,,"1,226",59,724,309,754,"1,475",191,96,82,163,173,221,533,148,45,59,98,106,30,336,25,19,189,83,63,249,47,53,35,4,55,17,69,106,441,87,153,492,301,281,55,63,29,2,158,170,26,197,,,,"1,257"
July 2010,120,8,410,2,,2,13,1,430,352,53,,18,28,2,56,9,85,,33,9,53,164,68,128,8,3,22,7,24,45,47,32,37,,2,59,,"1,168",57,692,297,745,"1,436",170,87,83,155,171,215,543,138,45,58,97,110,30,318,24,17,179,89,59,240,41,56,33,3,52,18,63,102,443,88,151,522,291,273,54,64,31,2,153,176,23,196,,,,"1,244"
August 2010,122,10,365,2,,2,11,,414,335,56,,14,30,2,51,8,89,,34,11,51,159,67,116,7,3,21,9,24,45,46,29,39,,2,56,,"1,059",51,643,266,695,"1,304",165,83,78,158,163,205,483,131,39,61,83,98,30,291,25,17,173,90,53,230,37,50,33,2,52,17,65,90,405,79,125,449,274,277,52,56,36,3,137,167,22,178,,,,"1,204"
September 2010,118,9,332,3,,1,14,,410,334,49,,13,29,2,47,10,94,,31,10,49,159,80,128,5,3,20,9,24,44,51,33,38,,2,64,,"1,026",50,623,274,679,"1,251",198,92,111,208,163,241,467,116,41,53,79,90,31,285,29,13,169,86,51,228,35,45,28,3,61,17,89,105,426,77,128,423,279,306,49,50,34,4,148,162,21,169,,,,"1,122"
October 2010,130,7,369,3,,1,17,,461,366,48,,11,28,2,56,11,95,,32,14,55,167,84,133,5,3,25,9,27,47,51,33,41,,2,69,,"1,102",52,662,261,699,"1,293",212,103,130,228,173,279,508,117,35,58,85,89,29,282,29,16,173,87,56,220,37,43,31,3,62,16,106,108,449,73,131,415,281,321,50,54,36,3,161,169,22,166,,,,"1,163"
November 2010,137,6,394,3,,1,16,,477,448,43,,11,31,2,59,11,86,,31,14,58,175,84,135,5,2,26,9,28,44,47,33,38,,1,80,,"1,142",65,724,286,675,"1,292",220,101,149,246,173,306,530,107,32,53,91,90,27,287,23,13,166,87,54,214,37,40,27,3,67,14,113,105,441,70,132,398,293,321,53,55,37,4,171,169,24,165,,,,"1,192"
December 2010,145,6,448,3,,1,19,,499,461,42,,14,29,2,75,11,79,,29,14,61,178,83,137,6,3,25,9,30,42,48,35,39,,2,77,,"1,180",89,763,301,684,"1,326",236,101,143,249,174,301,558,111,34,48,87,90,26,278,24,14,156,84,50,203,45,40,28,5,67,14,112,106,471,72,133,415,290,317,54,56,37,4,163,184,28,160,,,,"1,209"
January 2011,146,7,443,2,,1,15,,524,474,46,,13,29,2,78,11,93,,28,14,61,180,86,142,5,3,31,8,28,40,56,41,42,,2,81,,"1,271",88,844,318,711,"1,400",249,107,151,248,180,344,624,109,37,53,80,87,26,293,28,12,150,76,53,201,49,45,36,7,68,17,105,105,511,79,149,416,299,328,58,58,35,3,170,195,29,176,,,,"1,278"
February 2011,143,7,444,3,,1,13,,540,469,51,,12,28,2,78,11,92,,27,15,61,172,89,131,4,3,29,8,27,41,55,42,54,,1,81,,"1,279",89,847,315,734,"1,418",253,112,136,240,184,340,643,119,45,49,90,84,25,294,27,15,161,83,54,193,49,46,37,7,73,16,99,107,524,85,144,448,308,321,57,59,37,4,177,204,28,186,,,,"1,294"
March 2011,151,6,416,3,,1,15,,553,487,53,,12,28,2,79,9,94,,32,12,59,169,87,133,3,3,27,8,33,39,50,39,63,,1,85,,"1,267",87,808,319,749,"1,442",237,112,126,244,191,347,650,112,42,48,96,86,28,296,27,12,167,74,59,201,48,53,36,6,75,15,94,110,528,86,138,450,293,314,53,59,35,4,176,196,31,195,,,,"1,291"
April 2011,137,6,380,2,,1,15,,531,459,45,,11,26,2,74,9,89,,37,11,57,149,82,135,4,3,25,7,32,38,42,37,68,,1,78,,"1,168",81,726,294,748,"1,400",217,110,88,220,184,319,613,99,42,45,100,87,25,277,26,12,150,75,58,185,51,50,34,6,74,13,90,104,515,77,132,441,303,311,55,55,39,4,161,192,29,199,,,,"1,224"
May 2011,121,4,349,1,,1,12,,503,427,39,,11,24,2,59,10,86,,33,11,55,136,91,133,3,2,23,6,31,38,38,33,67,,1,70,,"1,070",68,624,281,707,1329,181,91,71,178,168,272,625,99,43,43,100,89,26,274,27,14,150,68,53,174,45,44,32,6,64,11,83,102,488,79,125,453,311,297,52,53,39,4,169,198,30,194,,,,1172
June 2011,115,5,349,1,,1,10,,440,366,40,,12,25,2,54,9,67,,34,14,57,126,85,119,3,3,16,6,26,31,34,30,66,,1,69,,947,64,552,263,677,1184,156,85,54,145,159,229,606,102,53,46,100,90,25,263,28,14,140,74,48,166,43,47,32,6,58,10,59,94,456,80,119,500,297,291,52,51,30,3,164,205,28,187,,,,1126
July 2011,108,5,372,,,1,9,,446,358,39,,12,23,2,48,9,63,,33,14,53,122,85,110,4,2,16,6,27,29,35,35,63,,1,65,,868,56,504,257,646,"1,194",140,86,48,144,160,209,603,109,50,44,102,92,25,273,26,15,142,75,44,163,45,39,36,6,49,11,57,93,465,80,123,507,322,289,53,59,30,5,170,204,27,191,,,,"1,122"
August 2011,115,6,331,1,,1,11,,416,339,43,,10,25,2,48,7,65,,30,17,51,125,78,112,4,4,13,6,26,28,39,30,62,,1,65,,835,45,480,261,619,"1,177",138,88,50,151,161,232,528,95,48,43,95,91,30,280,25,17,141,80,46,163,45,38,32,3,49,11,61,96,469,79,118,490,314,293,50,51,31,5,170,192,28,171,,,,"1,106"
September 2011,106,7,296,1,,1,11,,386,313,43,,13,24,2,48,6,66,,30,18,45,122,71,112,4,2,13,3,22,25,34,25,55,,1,63,,769,47,445,240,585,"1,139",155,91,74,185,155,254,502,96,43,34,97,83,33,257,23,18,136,74,46,153,39,37,30,3,51,12,80,88,479,82,112,436,297,290,46,44,30,5,161,186,24,165,1,,,"1,087"
October 2011,114,8,293,1,,1,11,,425,345,39,,11,26,2,49,6,64,,34,21,48,121,76,110,4,3,17,3,23,23,34,26,62,,1,62,,791,46,477,245,592,"1,143",177,91,112,235,159,292,524,93,36,32,97,74,30,258,23,19,138,70,45,142,45,39,30,3,57,11,94,92,470,80,122,425,300,284,51,51,33,5,187,200,21,154,1,,,"1,085"
November 2011,114,7,317,1,,1,12,,458,394,41,,13,25,2,49,9,64,,35,22,51,121,80,116,4,3,19,4,25,26,36,25,62,,1,68,,863,59,526,245,603,1165,190,94,160,264,163,317,535,92,31,28,99,73,33,262,22,20,142,66,42,141,43,44,24,5,66,11,91,91,492,78,118,424,302,281,53,54,35,4,189,207,20,157,1,,,1124
December 2011,125,6,371,,,2,14,,470,416,38,,11,24,3,50,9,64,,33,25,50,137,80,120,4,3,18,3,24,25,40,27,57,1,1,77,,897,86,601,256,602,"1,180",195,98,164,254,155,318,558,92,27,30,96,79,33,272,22,21,134,66,41,135,46,50,26,6,69,11,95,87,501,78,122,426,304,278,52,54,45,4,184,210,25,160,1,,,"1,105"
January 2012,136,5,348,,,2,12,,442,404,35,,12,20,6,50,8,66,,33,24,47,124,91,111,2,3,18,5,27,24,32,29,55,,1,76,,911,105,597,242,554,"1,091",195,87,156,230,147,297,534,84,33,25,94,77,30,253,19,18,126,58,40,116,45,41,23,3,67,8,78,81,514,75,106,401,270,258,51,47,42,7,174,177,25,150,1,,,"1,069"
February 2012,144,6,345,1,,2,13,,450,397,37,,10,20,6,49,6,65,,31,23,44,133,93,110,3,3,18,4,28,24,32,28,53,,1,77,,900,90,592,244,554,1119,189,84,144,233,147,308,575,80,31,28,94,80,31,249,17,17,126,61,42,114,36,42,26,3,61,9,76,94,502,74,102,394,268,252,49,51,40,7,179,177,23,152,1,,,"1,105"
March 2012,140,6,306,,,2,14,,457,397,39,,10,19,7,43,6,61,,32,26,45,128,90,96,3,3,20,4,26,23,29,29,49,,1,78,,857,90,562,220,548,1097,183,85,138,206,148,308,552,79,30,33,93,82,30,244,17,16,120,67,42,106,35,45,25,4,56,8,71,95,485,75,102,381,296,255,50,60,41,5,159,172,17,165,,,,"1,073"
April 2012,128,4,295,,,2,9,,457,367,37,,10,20,6,38,8,57,1,32,26,42,108,75,82,3,3,20,3,18,24,29,31,51,,1,75,,724,75,497,211,516,"1,040",153,73,96,177,140,273,521,78,31,32,89,77,28,240,16,18,119,64,39,97,38,47,26,4,51,6,61,87,440,73,98,386,275,249,48,53,41,6,145,180,15,163,,,,"1,012"
May 2012,108,5,257,1,1,1,6,,439,332,29,,9,21,6,32,10,52,1,27,25,44,89,68,73,3,1,13,3,17,21,33,29,49,,1,65,,568,54,369,181,486,964,122,65,61,150,130,233,488,77,28,34,85,70,22,225,16,19,110,57,36,84,40,47,27,2,41,4,56,79,391,70,89,383,253,227,45,47,35,6,145,162,15,150,,,,935
June 2012,89,4,272,1,,1,3,,395,290,29,,6,22,6,27,9,47,2,24,20,37,67,64,69,3,1,9,4,13,20,28,23,43,,1,47,,473,37,288,161,429,895,93,53,43,122,126,194,454,74,25,30,74,71,13,212,16,18,97,51,29,78,38,36,22,2,32,2,48,75,377,60,73,385,241,206,42,47,24,5,126,145,10,132,,,,857
July 2012,84,4,252,,,1,3,,380,266,30,,6,21,6,23,6,46,2,23,20,35,61,64,56,4,2,14,4,13,20,27,23,41,,,42,,426,34,284,160,441,904,82,51,34,119,131,193,456,77,25,34,74,74,14,208,17,21,99,49,28,78,37,32,20,3,31,3,36,71,382,59,79,413,233,202,44,43,25,4,129,149,10,132,,,,867
August 2012,92,4,243,,,1,2,,363,268,26,,10,22,7,24,5,47,2,21,20,33,67,63,60,1,2,18,3,13,21,33,20,49,,,43,,425,38,265,158,432,840,80,54,38,108,130,192,416,68,23,33,69,76,13,203,17,19,106,49,31,68,33,25,23,3,32,3,34,70,373,54,67,350,231,192,46,42,27,3,121,137,9,129,,,,808
September 2012,90,5,241,,,1,1,,353,243,22,,9,17,7,21,4,46,2,19,16,32,73,71,65,2,1,17,2,12,21,27,18,54,,,43,,402,38,279,160,433,799,82,59,63,132,123,214,378,65,22,24,72,71,12,192,17,15,104,51,33,66,37,24,18,3,35,4,55,63,371,62,68,319,225,203,44,43,30,4,117,137,10,127,,,,748
October 2012,90,3,250,,,,3,,406,263,23,,9,18,7,27,2,49,1,23,21,29,77,69,63,2,1,20,2,11,20,25,22,56,,,46,,387,41,295,170,443,828,103,64,69,147,121,265,409,61,21,23,72,71,11,208,18,15,104,51,34,68,34,24,22,5,42,3,67,60,388,51,66,309,224,203,39,40,33,5,149,141,12,122,,,,816
November 2012,102,3,276,,,,5,,439,316,27,,8,20,7,26,2,48,1,22,22,32,74,64,70,2,1,18,2,12,20,28,24,57,,,44,,415,51,335,179,473,849,111,66,120,184,113,275,427,61,22,23,68,76,17,220,19,15,106,61,37,69,36,26,24,5,40,3,78,65,387,48,64,301,231,204,40,44,36,4,161,131,15,124,,,,828
December 2012,109,3,346,,,,5,,516,322,25,,9,21,7,28,2,48,1,21,20,34,78,67,67,3,2,16,3,15,21,31,30,56,1,,45,,440,45,379,189,494,873,124,64,127,189,118,288,449,64,21,25,70,76,14,230,20,15,101,65,41,76,35,23,26,5,40,4,72,64,416,45,66,322,227,202,43,43,35,5,155,131,12,123,,,,846
January 2013,107,5,312,,,,4,,488,324,35,,11,21,5,28,2,46,1,20,24,32,69,76,62,4,2,20,3,14,15,29,26,55,,,44,,393,42,359,178,467,850,109,63,121,182,112,297,466,61,22,23,61,67,14,233,18,13,84,54,43,65,37,24,34,6,41,7,67,67,414,52,67,343,224,219,45,42,36,4,142,126,15,117,2,,,877
February 2013,115,6,306,1,,,3,,455,321,35,,10,23,5,27,3,45,1,20,22,32,71,79,61,3,2,16,2,12,12,26,27,51,,,44,,408,40,338,189,453,866,104,58,141,180,117,279,456,56,21,24,63,72,15,243,20,13,80,56,46,61,43,23,29,7,37,6,68,65,390,53,69,327,211,205,50,38,35,4,133,122,14,120,2,,,880
March 2013,105,6,297,1,,1,3,,462,322,32,,11,23,6,28,4,45,1,19,22,31,68,80,57,2,1,14,2,15,11,22,24,50,,,45,,400,41,310,186,450,871,90,55,95,164,106,257,433,47,25,26,60,79,13,244,19,12,78,51,40,55,44,25,29,6,37,6,63,65,389,54,67,321,203,201,47,38,33,3,119,119,13,114,1,,,874
April 2013,92,4,269,2,,1,3,1,457,304,32,,10,27,5,21,3,42,1,20,20,30,46,74,54,2,1,15,1,12,10,18,22,46,,,40,,346,36,261,169,425,842,78,44,86,153,102,252,426,57,28,25,59,71,14,237,15,10,70,48,46,53,38,26,32,5,34,7,64,68,355,53,65,310,195,200,47,32,33,3,108,121,11,102,2,,,794
May 2013,81,3,240,2,,1,2,1,438,283,28,,13,24,5,20,2,39,1,18,19,30,40,66,50,4,1,17,4,12,9,16,26,36,,,35,,297,27,204,159,430,802,57,39,61,113,98,231,399,49,30,23,53,82,14,229,16,14,69,44,42,51,38,23,31,5,27,5,62,67,332,47,65,309,188,197,49,30,27,3,102,128,11,105,2,,,785
June 2013,68,3,238,2,,1,1,1,394,248,22,,11,22,3,17,2,37,1,15,19,28,36,60,37,4,1,15,3,12,11,17,22,39,,,37,,249,21,162,139,402,750,50,31,44,89,90,186,383,49,30,20,53,74,11,231,15,14,67,44,33,49,39,21,33,5,19,6,49,66,312,48,52,323,177,184,49,27,24,3,92,137,12,106,1,,,773
July 2013,61,4,256,2,,1,1,1,382,250,26,,12,20,3,20,2,38,1,16,24,25,33,64,38,3,2,12,3,11,10,12,22,38,,,30,,217,17,144,135,397,750,43,32,43,85,91,188,400,52,31,23,54,87,14,241,14,15,64,46,37,51,36,24,31,4,21,5,49,60,327,43,60,330,179,182,54,28,23,3,87,142,12,124,2,,,764
August 2013,62,4,238,2,,1,1,,338,237,21,,12,21,3,19,2,34,1,14,21,28,34,61,36,4,2,12,2,11,9,16,26,37,,,28,,205,19,133,134,370,718,50,31,44,83,90,191,356,58,25,26,52,83,12,231,13,16,63,49,36,45,34,22,29,4,18,6,47,60,326,47,52,315,183,166,49,26,23,3,90,137,14,124,3,,,710
September 2013,63,3,187,1,,2,,,322,228,18,,11,17,2,13,2,33,1,16,22,26,31,62,35,4,3,11,1,11,10,20,26,33,,,31,,191,15,137,124,340,641,63,30,55,93,84,197,344,55,22,21,52,86,12,197,13,11,59,48,31,44,26,22,22,2,18,8,58,45,298,44,46,259,176,177,42,22,20,2,81,114,11,118,3,,,656
October 2013,77,4,196,1,,2,,,331,232,22,,12,20,3,11,2,32,1,13,19,25,28,63,43,3,4,13,,13,7,18,27,33,,,29,,196,20,143,125,337,684,69,36,67,113,95,247,350,57,21,17,50,77,11,216,14,11,52,52,30,49,33,21,24,2,18,6,73,42,306,43,48,270,177,174,39,27,24,2,102,116,11,117,2,,,666
November 2013,76,4,230,1,1,2,1,,349,253,22,,11,20,5,12,2,33,1,13,18,26,31,58,47,4,5,12,,14,6,14,29,31,,,28,,219,20,179,135,339,687,90,39,77,136,96,273,370,59,23,18,52,73,10,219,12,11,55,52,31,43,40,22,25,2,29,6,87,43,325,45,44,266,182,177,37,30,21,1,102,111,12,116,2,,,674
December 2013,82,5,283,1,1,1,2,,383,264,25,,11,17,5,11,2,37,1,12,17,25,37,62,52,4,4,11,1,14,5,13,25,30,,,27,,239,27,200,132,360,692,96,39,82,144,89,267,384,55,26,18,52,73,11,225,10,12,57,45,29,46,43,24,28,2,37,5,88,44,339,43,49,267,184,173,38,31,21,2,103,116,13,115,2,,,717
January 2014,91,6,304,6,1,1,3,,401,288,27,,10,19,5,14,3,45,1,12,22,23,40,60,51,3,3,11,,16,4,18,26,33,,,35,,266,28,206,146,390,757,100,45,78,149,100,272,415,60,26,25,54,64,12,224,10,12,62,46,33,50,44,23,32,2,39,7,87,51,357,53,57,255,195,171,42,30,24,3,106,123,10,115,2,,,806
February 2014,89,5,284,15,4,1,3,1,412,284,31,,7,20,3,15,2,46,1,10,28,18,37,57,49,4,3,10,1,19,5,16,29,35,,,41,,256,27,182,130,391,768,91,42,80,139,94,248,407,66,24,25,56,64,12,212,13,15,67,49,37,52,40,26,36,2,39,9,86,52,348,57,49,265,186,170,51,31,20,,104,104,12,113,1,,,755
March 2014,91,7,265,26,3,1,3,1,407,281,32,,9,21,2,11,2,42,1,11,27,17,38,58,45,5,3,9,1,16,5,17,30,33,,,37,,232,23,190,133,391,768,85,46,65,135,99,249,430,62,23,29,54,65,11,202,16,14,69,46,38,50,44,23,30,2,35,8,82,52,344,53,47,268,185,182,51,38,22,,99,103,9,109,1,,,714
April 2014,87,7,249,33,2,1,3,1,424,273,33,,7,23,2,11,3,43,1,13,24,18,34,50,49,9,3,8,1,16,5,14,25,27,,,30,,214,17,165,117,369,728,77,38,39,121,86,243,414,58,24,32,53,66,11,205,17,11,72,47,39,48,46,24,34,2,28,9,72,44,319,45,55,273,175,174,53,33,24,1,94,100,9,103,2,1,,645
May 2014,75,5,236,31,2,2,2,1,406,252,32,,6,15,1,8,3,41,1,14,19,15,29,44,39,5,2,8,,9,4,14,26,27,,,28,,165,15,134,106,350,666,59,33,26,91,85,215,398,57,24,31,50,70,12,192,15,10,66,46,33,51,43,20,34,3,17,7,52,41,293,43,49,281,169,175,55,29,18,1,90,100,8,86,1,1,,573
June 2014,66,7,201,28,1,1,1,1,347,232,30,,7,15,1,7,4,37,1,15,14,12,27,45,39,8,1,5,,9,6,13,21,23,,,26,,131,13,115,103,325,624,43,35,26,76,77,176,364,60,27,29,46,69,13,179,13,10,64,38,28,45,33,20,28,1,9,9,39,39,266,44,53,286,147,153,53,24,19,1,83,100,8,76,1,,,581
July 2014,57,7,209,33,1,3,2,3,311,243,29,,8,15,1,6,5,40,1,14,13,10,23,42,34,8,,5,,7,5,13,18,22,,,21,,130,14,102,92,323,614,46,30,28,79,75,163,356,61,26,30,45,68,16,173,14,12,59,42,28,40,39,23,27,1,11,10,40,38,261,41,49,315,151,143,57,25,24,1,92,101,8,74,2,,,567
August 2014,63,5,188,33,1,3,2,3,301,232,26,,7,12,2,8,4,36,1,13,11,9,24,39,33,8,,7,,8,5,13,20,18,,,24,1,122,12,94,95,310,585,52,29,28,73,71,170,317,47,23,22,41,78,18,172,11,13,61,39,19,35,32,20,28,1,17,10,38,36,251,44,45,282,138,137,49,20,19,1,79,105,7,62,1,,,516
September 2014,60,5,184,44,2,1,5,3,286,204,25,,8,12,2,10,5,32,1,13,11,7,20,36,27,8,,8,,8,3,15,16,18,,,25,1,111,18,79,92,310,546,60,28,26,83,67,176,300,52,24,18,40,86,16,175,13,13,60,44,26,35,33,21,24,1,19,9,43,35,241,38,39,270,137,128,48,21,22,2,77,104,9,64,2,,,491
October 2014,58,5,192,45,2,1,5,3,288,231,24,,7,15,3,10,6,29,1,13,14,13,20,41,28,6,1,9,,11,5,15,13,20,,,28,1,118,23,94,90,308,546,73,34,45,91,69,202,312,44,23,22,41,84,17,171,14,9,61,47,27,42,33,18,25,1,28,7,57,32,258,35,40,268,153,133,48,31,20,3,81,102,8,67,2,,,520
November 2014,64,8,208,39,1,1,4,3,304,250,26,,7,17,4,10,7,26,1,11,11,14,25,41,30,6,,12,,13,5,14,14,19,,,30,1,121,29,105,93,309,556,70,37,53,89,74,216,319,41,23,23,40,79,15,168,14,14,60,47,31,36,27,23,26,,30,10,61,33,253,32,41,261,141,132,51,26,23,3,84,96,6,62,1,,,528
December 2014,69,12,241,36,,1,3,3,312,254,24,,8,18,4,11,7,27,,7,13,13,23,44,31,5,1,14,,16,7,17,13,16,2,,32,1,153,29,131,109,312,567,79,47,56,95,70,224,316,40,24,30,37,79,15,161,15,16,64,46,35,40,26,27,26,1,36,9,64,38,267,34,43,260,150,122,48,32,21,3,82,100,7,60,1,,,525
January 2015,76,12,256,41,,1,5,2,318,275,32,1,9,25,2,11,8,30,,9,13,10,22,40,32,5,1,14,,15,7,17,17,15,2,,44,,170,26,148,139,331,600,74,43,57,118,82,224,318,41,25,32,38,77,14,157,17,16,59,38,34,38,24,27,24,1,33,5,67,38,271,41,44,227,138,123,45,38,17,3,79,97,7,64,2,,,608
February 2015,74,13,209,49,1,1,5,2,316,267,33,,7,24,4,11,9,35,1,11,13,11,20,40,29,4,2,13,,11,5,16,19,15,2,,45,,167,25,144,130,324,620,75,44,52,122,85,220,348,40,21,31,37,70,15,163,18,13,68,39,35,32,27,26,22,1,30,6,64,46,276,42,42,228,148,121,48,33,16,3,78,100,7,67,2,,,586
March 2015,68,10,210,50,1,1,4,1,313,256,33,,6,33,3,16,9,36,1,11,10,10,24,40,33,4,2,14,,14,5,15,18,14,2,,48,,170,21,141,130,302,638,66,34,38,117,82,216,363,41,22,31,35,72,16,163,17,13,66,39,37,32,27,28,25,2,28,6,60,43,257,45,42,239,147,125,54,37,20,3,77,98,8,64,2,,,597
April 2015,69,9,211,50,,1,3,1,303,264,34,,6,30,3,13,6,37,1,15,13,9,23,29,34,4,2,14,,16,1,13,20,15,2,,40,,154,24,134,121,294,604,63,31,38,105,79,209,351,46,26,31,35,69,15,152,17,14,62,38,35,25,25,28,32,1,24,7,52,38,244,46,43,239,137,125,51,32,22,3,77,93,7,64,1,,,567
May 2015,61,7,189,48,,1,2,1,276,221,28,,8,24,2,9,6,35,,11,9,6,20,26,28,3,2,13,,12,1,13,22,12,2,,37,,134,20,109,110,263,538,46,24,22,81,72,183,318,42,29,33,43,64,15,143,15,11,57,34,33,25,21,25,34,1,20,5,48,34,218,52,44,222,128,119,57,30,19,3,70,94,6,54,1,,,534
June 2015,45,6,191,58,,,1,1,255,200,24,,6,19,2,6,5,29,,8,10,7,19,26,30,4,1,14,,11,,11,21,11,2,,32,,112,17,89,103,242,510,44,25,18,65,64,158,299,45,31,30,37,71,15,144,15,12,51,40,30,25,19,27,30,2,15,7,48,32,206,56,36,252,122,119,58,35,12,3,59,91,6,52,,,,469
July 2015,48,8,166,73,2,1,1,1,236,186,21,,5,22,3,7,5,25,,7,9,7,18,24,31,5,1,16,,10,,10,24,10,1,,27,,110,14,92,103,234,492,35,26,23,66,65,159,295,48,31,31,33,76,13,141,15,11,47,38,27,29,24,22,34,2,17,7,53,27,195,59,33,261,121,117,61,31,16,3,68,97,4,47,,,,450
August 2015,48,7,162,69,1,,1,1,221,172,18,,2,19,2,6,5,22,,6,8,7,17,26,28,4,,16,,10,,13,19,10,1,,25,1,108,16,83,104,229,448,36,20,19,63,67,148,278,45,26,25,27,69,13,144,14,12,50,37,27,32,25,18,26,1,20,7,45,22,195,55,37,234,116,112,47,29,17,2,64,82,6,53,,,,431
September 2015,49,8,141,68,,,1,1,202,164,19,,2,22,2,7,5,24,,4,8,7,14,23,28,3,1,16,,9,2,11,23,10,1,,23,1,102,18,81,97,222,418,38,24,19,69,67,150,249,40,24,20,26,68,17,130,15,11,42,40,21,27,24,17,26,2,26,8,57,22,184,39,25,210,105,107,47,26,20,2,64,80,5,49,2,1,,405
October 2015,40,9,149,64,,,1,1,213,181,18,,2,25,1,7,6,25,,4,6,8,18,24,27,4,2,13,,12,,13,22,11,1,,25,,99,22,98,98,232,423,38,27,38,66,66,165,273,42,21,20,27,73,21,120,11,11,51,33,28,32,24,17,28,2,29,9,69,24,187,47,27,208,106,111,43,28,23,2,68,79,7,52,1,1,,416
November 2015,47,12,164,70,,2,1,1,217,182,20,,2,26,1,8,6,25,,3,7,8,17,19,22,4,1,10,,11,,10,19,13,1,,27,1,121,21,112,107,245,433,41,31,52,74,69,190,265,47,25,19,28,71,17,118,10,12,57,33,29,38,25,14,26,1,28,13,60,28,188,42,34,189,105,110,37,27,27,2,65,84,7,52,1,,,471
December 2015,47,12,188,64,,2,1,1,261,180,23,,2,28,2,9,5,26,,6,6,10,21,22,23,3,1,9,,9,1,7,19,10,1,,26,1,139,23,119,118,242,434,41,32,50,77,64,183,289,41,24,20,27,70,19,121,12,11,59,32,34,35,25,15,21,2,34,11,64,26,185,39,35,196,98,111,37,25,27,3,68,76,6,52,1,,,446
January 2016,51,7,191,72,,2,1,1,247,182,27,,3,25,1,11,6,27,,5,8,5,23,27,21,2,3,7,,11,,9,23,10,1,,29,,132,25,140,122,253,471,47,35,48,90,74,195,325,39,24,21,30,63,19,123,16,12,67,37,41,37,23,21,20,1,41,9,76,32,194,37,37,205,102,108,41,22,32,2,76,78,9,62,1,1,,507
February 2016,51,10,149,72,,2,1,1,227,173,26,,2,23,1,11,7,23,,8,8,5,24,27,24,2,3,8,,13,2,11,21,9,2,,24,,136,23,135,121,243,494,53,29,39,88,75,198,316,43,23,24,25,63,21,126,13,9,57,35,38,35,23,16,18,2,35,5,59,35,185,40,41,203,97,108,38,16,29,2,74,76,12,51,1,1,,484
March 2016,51,11,140,65,,1,1,1,220,170,28,,3,23,1,8,6,23,,10,8,7,22,28,25,3,1,6,1,11,3,10,23,10,2,,23,,123,26,131,115,240,476,48,29,24,85,73,190,305,41,21,22,27,59,19,118,13,9,60,37,38,36,23,19,15,2,34,2,56,29,184,35,35,192,94,107,44,17,27,2,70,79,11,48,,1,,457
April 2016,44,10,133,64,,1,1,1,206,167,31,,2,22,1,8,5,22,,7,9,6,21,26,20,2,2,7,,8,2,12,18,8,3,,23,,115,25,116,109,230,498,46,26,13,82,74,187,303,41,24,29,23,61,21,114,13,9,57,38,43,33,19,20,15,1,34,3,55,32,180,46,43,236,98,109,56,26,32,2,75,72,12,61,,1,,151
May 2016,48,9,124,70,,1,1,1,198,147,26,,1,26,1,8,5,17,,6,7,6,18,21,20,1,1,8,,8,2,11,16,8,2,,20,,102,18,90,98,223,456,42,27,7,81,69,172,282,39,26,27,21,60,19,102,11,8,48,33,38,30,16,22,17,1,24,4,46,30,166,44,38,230,90,105,52,23,27,2,67,73,11,61,1,,,155
June 2016,44,7,134,69,1,1,,1,183,122,27,,1,24,1,5,5,16,,8,5,8,17,19,23,,1,11,,9,3,14,18,7,2,,19,,94,16,78,96,205,416,36,25,6,73,65,157,267,32,23,29,25,64,19,101,8,8,48,31,42,29,17,19,18,1,21,4,51,19,168,41,40,246,83,101,56,21,21,2,60,72,11,56,2,,,164
July 2016,41,6,135,74,3,1,1,1,159,124,22,,2,25,5,2,5,18,,9,7,8,14,19,22,,1,10,,10,3,11,16,7,3,,14,,92,13,77,89,193,384,27,20,7,61,64,154,254,28,22,32,22,64,19,102,8,10,38,30,45,28,15,17,14,1,24,4,44,19,177,46,41,252,84,98,56,22,22,2,52,78,9,57,3,,,139
August 2016,41,6,129,68,1,1,1,1,155,131,18,,3,27,4,3,4,14,,7,7,7,16,23,22,,2,11,,10,3,12,11,7,1,,14,1,93,16,68,85,181,371,31,19,6,57,67,150,222,31,18,25,20,72,19,100,10,10,36,29,38,24,13,15,16,1,25,5,40,23,151,43,40,230,78,91,46,21,19,2,40,70,9,54,3,,,149
September 2016,42,12,112,65,1,2,1,,148,120,17,,3,25,2,4,4,14,,8,9,6,9,22,20,1,2,13,,12,2,14,12,11,1,,10,1,95,15,65,75,173,320,38,17,10,55,58,153,207,38,16,23,20,79,16,92,8,13,32,28,38,25,16,14,19,1,23,3,54,28,145,40,40,195,88,85,54,18,17,2,43,62,8,48,4,,,139
October 2016,38,6,112,66,2,2,1,,176,126,17,,4,23,1,5,3,17,,5,9,4,12,27,25,1,2,11,,9,2,12,11,10,1,,10,1,103,16,61,76,184,338,39,23,28,65,60,151,203,39,14,20,18,71,14,92,9,14,39,26,42,30,15,11,17,1,27,4,66,27,154,40,38,183,80,91,59,18,16,2,46,65,6,51,4,,,136
November 2016,43,9,125,61,2,2,1,,182,138,19,,5,26,,7,3,17,3,4,8,6,12,29,23,1,2,9,,8,1,13,14,11,1,,13,1,121,16,70,80,198,356,45,28,50,74,57,189,227,35,18,22,17,70,13,100,7,12,39,26,48,30,16,10,21,1,36,3,69,20,170,41,42,185,80,84,53,19,15,2,55,57,6,55,2,1,,156
December 2016,47,12,599,59,2,1,1,,440,154,20,,4,26,1,6,3,14,1,4,6,5,18,30,22,,2,9,,9,2,14,13,9,1,,11,,126,17,83,78,210,345,45,32,48,89,59,198,237,33,19,18,16,71,11,101,8,10,41,29,50,27,15,12,18,1,42,6,71,22,179,41,41,175,81,83,54,19,11,2,52,51,10,55,1,1,,202
January 2017,60,9,726,58,2,2,2,,820,177,23,,3,25,,6,5,16,1,4,8,7,21,39,23,1,2,9,,10,3,14,17,11,1,,30,,143,19,110,97,255,390,53,40,47,123,61,201,258,46,21,17,14,70,12,99,7,9,48,30,51,29,18,12,19,2,51,7,71,23,206,44,40,195,87,90,54,20,11,1,62,48,10,58,1,1,,292
February 2017,58,11,246,62,1,1,3,1,313,169,19,,3,25,,9,2,16,1,5,9,8,21,34,28,2,1,9,,13,2,15,16,9,1,,28,,140,20,103,97,234,387,51,41,24,81,61,197,263,46,24,14,15,69,13,102,8,8,49,27,47,29,17,13,18,2,49,5,64,21,202,49,40,192,85,89,56,24,12,1,57,51,9,55,1,1,,183
March 2017,60,10,202,53,1,1,3,1,271,172,17,,3,23,,7,1,19,1,4,9,10,15,32,23,3,1,7,1,13,3,12,15,10,1,,26,,144,19,100,109,227,393,51,43,13,67,68,200,272,48,25,14,14,67,15,91,8,7,48,27,50,26,17,13,19,1,48,5,80,26,202,46,47,181,85,83,58,22,14,1,48,60,11,61,1,1,,124
April 2017,57,8,170,46,1,1,6,1,229,159,15,,3,23,,7,2,18,1,2,20,10,12,26,24,2,1,9,,13,2,13,12,8,1,,26,,124,12,91,84,216,372,50,38,11,72,57,175,247,46,25,14,15,67,14,84,8,6,53,25,49,23,20,15,18,1,43,4,80,18,188,35,59,190,77,79,56,17,12,,41,57,9,54,1,,,93
May 2017,52,5,146,34,,1,5,1,212,136,11,,3,23,1,7,3,14,1,4,29,8,7,24,24,2,2,9,,14,2,12,8,8,1,,24,,103,11,90,87,202,340,43,31,7,68,51,163,255,51,19,12,13,55,15,77,7,8,58,27,46,24,19,14,20,1,36,5,71,20,171,30,86,220,78,92,61,16,8,,40,47,7,53,,,,65
June 2017,44,3,165,28,,2,4,1,201,125,11,,3,23,,7,3,12,1,5,39,5,9,22,26,3,2,9,,11,2,13,9,7,1,,21,,90,4,88,86,201,316,36,28,7,60,48,163,240,49,18,17,12,55,13,76,6,7,55,24,39,23,19,14,20,3,33,4,62,17,177,28,121,249,72,87,87,18,7,1,44,57,6,54,,,,55
July 2017,43,3,148,23,,1,5,1,180,143,12,,3,23,1,9,4,12,1,6,42,7,10,20,22,4,3,10,,14,4,13,11,6,1,,21,,97,6,88,81,206,322,34,31,9,61,43,169,223,51,18,17,15,59,12,83,7,8,56,22,39,22,19,12,18,5,32,3,61,18,170,26,123,276,75,86,95,16,7,2,43,55,7,49,,,,41
August 2017,43,2,139,22,,1,5,,172,132,16,,4,16,,6,3,11,,5,32,9,12,19,20,3,4,10,2,20,7,13,12,8,1,,23,,102,7,93,85,220,313,35,35,12,64,36,171,228,46,21,19,13,57,11,75,6,7,53,29,39,25,23,11,15,3,32,4,65,20,166,27,127,242,70,93,83,17,7,2,41,52,12,51,,,,49
September 2017,45,3,112,16,,1,3,,176,115,14,,2,14,,6,4,10,,3,31,9,12,18,24,2,3,10,1,22,6,14,12,7,1,,25,,98,4,93,79,209,309,43,34,17,61,45,165,213,47,20,16,10,57,12,83,6,6,51,32,34,26,18,8,17,3,39,4,73,18,155,24,127,217,67,82,88,18,7,1,39,52,12,47,,,,48
October 2017,51,4,109,15,,1,4,,178,120,14,,2,13,,5,4,11,,3,29,10,17,17,27,1,3,10,,19,6,14,12,9,1,,25,,104,6,103,82,216,327,54,34,43,91,42,178,207,46,19,14,10,61,12,76,6,5,50,26,36,20,19,11,21,3,37,3,92,23,160,27,137,226,72,75,87,22,9,1,41,54,14,50,,,,53
November 2017,52,6,105,13,,1,4,,230,129,15,,4,8,,6,4,10,,6,27,9,17,17,32,1,2,10,,17,7,14,12,12,1,,27,,140,14,118,87,215,327,57,46,48,105,38,211,234,43,18,12,9,59,16,76,8,9,50,32,33,22,20,12,24,4,55,5,102,27,172,23,145,229,68,78,91,18,11,1,47,55,13,61,,,,59
December 2017,52,4,128,10,1,1,3,,225,132,17,,3,10,,11,4,11,,2,28,8,20,19,35,2,2,8,,19,8,15,12,9,1,,24,,155,13,121,94,240,331,66,44,49,102,36,217,252,36,19,11,12,58,16,76,7,8,46,34,36,24,19,11,26,4,70,8,106,23,179,22,135,222,67,80,93,17,8,2,43,58,15,62,,,,41
January 2016,51,7,191,,,2,1,1,429,27,3,25,1,11,6,27,,5,8,5,23,27,21,2,3,7,,11,,9,23,10,1,29,,132,25,141,122,253,471,48,35,48,90,74,195,325,39,24,21,30,63,19,123,16,12,67,37,41,37,24,21,20,1,41,9,76,32,194,37,78,231,107,108,38,22,32,2,76,78,9,62,1,1,507,,,,105
February 2016,51,10,149,,,2,1,1,400,26,2,23,1,11,7,23,,8,8,5,24,27,24,2,3,8,,13,2,11,21,9,2,24,,136,23,136,121,243,494,53,29,39,88,75,198,316,44,23,24,25,63,21,126,13,9,57,35,38,35,24,16,18,2,35,5,60,35,185,40,80,230,101,109,35,16,29,2,74,76,12,51,1,1,484,,,,73
March 2016,51,11,140,,,1,1,1,390,28,3,23,1,8,6,23,,10,8,7,21,28,25,3,1,6,1,11,3,10,23,10,2,23,,123,26,132,115,240,477,48,29,24,85,73,190,305,42,21,22,27,59,19,118,13,9,60,37,38,36,23,19,15,2,34,2,56,29,184,35,71,218,97,108,40,17,27,2,70,79,11,48,,1,457,,,,52
April 2016,44,10,133,,,1,1,1,373,31,2,22,1,8,5,22,,7,10,6,22,26,20,2,2,7,,8,2,12,18,8,3,23,,115,25,118,109,231,498,46,26,13,82,75,187,303,42,24,29,24,61,21,114,13,9,57,38,43,33,19,20,15,1,34,3,55,32,181,46,70,265,102,110,50,26,32,2,75,72,12,61,,1,151,,,,63
May 2016,48,9,124,,,1,1,1,346,26,1,26,1,8,5,17,,6,8,6,19,21,20,1,1,8,,8,2,11,16,8,2,20,,102,18,91,98,223,456,42,27,7,81,69,172,282,40,26,27,22,60,19,102,11,8,50,33,38,30,16,22,17,1,24,4,46,30,167,44,65,260,94,106,51,23,27,2,67,73,11,61,1,,155,,,,80
June 2016,44,7,134,,1,1,,1,305,27,1,24,1,5,5,16,,8,6,8,18,19,23,,1,11,,9,3,14,18,7,2,19,,94,16,80,96,205,418,36,25,6,73,65,157,267,33,23,29,26,64,19,101,8,9,49,31,42,29,17,19,18,1,22,4,51,19,168,41,63,283,87,102,48,21,21,2,61,72,11,56,2,,164,,,,94
July 2016,41,6,135,,3,1,1,1,285,22,2,25,5,2,5,18,,9,8,8,15,19,22,,1,10,,10,3,11,16,7,3,14,,92,13,79,89,193,385,27,20,7,61,64,154,254,29,23,32,23,64,19,102,8,10,39,30,45,28,15,17,14,1,25,4,44,19,178,46,58,291,88,99,56,22,22,2,52,78,9,57,3,,139,,,,65
August 2016,41,6,129,,1,1,1,1,287,18,3,27,4,3,4,14,,7,8,7,17,23,22,,2,11,,10,3,12,11,8,1,14,1,94,16,70,85,181,371,31,19,6,57,67,151,223,31,19,25,21,72,19,100,10,10,37,29,38,24,13,15,16,1,26,5,40,23,151,43,62,254,82,93,47,21,19,2,41,71,9,54,3,,149,,,,85
September 2016,42,12,112,,1,2,1,,269,17,3,25,2,4,4,14,,8,10,6,10,22,20,1,2,13,,12,2,14,12,12,1,10,1,95,15,67,75,173,320,38,18,10,55,58,154,208,38,17,23,21,80,16,92,8,13,32,28,38,25,16,14,19,1,24,3,54,28,147,40,64,218,90,88,51,18,17,2,44,62,8,48,4,,139,,,,83
October 2016,38,6,112,,2,2,1,,303,17,4,23,1,5,3,17,,5,10,4,13,27,25,1,2,11,,9,2,12,11,11,1,10,1,103,16,63,76,184,338,39,23,28,65,60,151,204,39,14,20,19,72,14,92,9,14,39,26,42,30,15,11,17,1,28,4,66,27,156,40,66,209,83,94,52,18,16,2,47,65,6,51,4,,136,,,,104
November 2016,43,9,125,,2,2,1,,322,19,5,26,,7,3,17,3,4,9,6,13,29,23,1,2,9,,8,1,13,14,11,1,13,1,121,16,72,80,198,356,45,28,50,74,57,189,227,35,18,22,18,71,13,100,7,12,39,26,48,30,16,10,21,1,37,3,69,20,172,41,70,205,83,87,48,19,15,2,56,57,6,55,2,1,156,,,,114
December 2016,47,12,599,,2,1,1,,595,20,4,26,1,6,3,14,1,4,6,5,19,30,23,,2,9,,9,2,14,13,9,1,11,,126,17,85,78,210,345,45,32,48,89,59,198,237,33,19,18,17,72,11,101,8,10,41,29,50,27,15,12,18,1,43,6,71,22,181,41,66,192,84,87,53,19,11,2,53,51,10,55,1,1,202,,,,128
January 2017,60,9,726,,2,2,2,,998,23,3,25,,6,5,16,1,4,8,7,22,39,23,1,2,9,,10,3,14,17,11,1,30,,143,19,112,97,255,390,53,40,47,123,61,201,258,46,21,17,15,71,12,99,7,9,48,30,51,29,18,12,19,2,52,7,71,23,207,44,71,212,90,93,49,20,11,1,63,48,10,58,1,1,292,,,,196
February 2017,58,11,246,,1,1,3,1,484,19,3,25,,9,2,16,1,5,9,8,22,34,28,2,1,9,,13,2,15,16,9,1,28,,140,20,105,97,234,387,51,41,24,81,61,197,263,46,24,14,16,70,13,102,8,8,49,27,47,29,17,13,18,2,49,5,65,21,203,49,71,214,88,91,50,24,12,1,58,51,9,55,1,1,183,,,,161
March 2017,60,10,202,,1,1,3,1,445,17,3,23,,7,1,19,1,4,9,10,16,32,23,3,1,7,1,13,3,12,15,10,1,26,,144,19,102,109,227,393,51,43,13,67,68,200,272,48,25,14,15,68,15,91,8,7,48,27,50,26,17,13,19,1,49,5,80,26,202,46,71,204,87,86,50,22,14,1,49,60,11,61,1,1,124,,,,410
April 2017,57,8,170,,1,1,6,1,390,15,3,23,,7,2,18,1,2,20,10,13,26,24,2,1,9,,13,2,13,12,8,1,26,,124,12,93,84,216,372,50,38,11,72,57,175,247,46,25,14,16,68,14,84,8,6,53,25,49,23,20,15,18,1,44,4,80,18,188,35,81,210,78,81,48,17,12,,42,57,9,54,1,,93,,,,167
May 2017,52,5,146,,,1,5,1,348,11,3,23,1,7,3,14,1,4,29,8,7,24,24,2,2,9,,14,2,12,8,8,1,24,,103,11,92,87,202,340,43,31,7,68,51,163,255,51,19,12,14,56,15,77,7,8,58,27,46,24,19,14,20,1,37,5,71,20,171,30,102,242,78,94,49,16,8,,41,47,7,53,,,65,,,,149
June 2017,44,3,165,,,2,4,1,326,11,3,23,,7,3,12,1,5,39,5,9,22,26,3,2,9,,11,2,13,9,7,1,21,,90,4,89,86,201,316,36,28,7,60,48,163,240,49,18,17,13,56,13,76,6,7,55,24,39,23,19,14,20,3,34,4,62,17,177,28,144,284,72,89,50,18,7,1,45,57,6,54,,,55,,,,186
July 2017,43,3,148,,,1,5,1,323,12,3,23,1,9,4,12,1,6,42,7,10,20,22,4,3,10,,14,4,13,11,6,1,21,,97,6,89,81,206,322,34,31,9,61,43,169,224,51,18,17,16,60,12,83,7,8,56,22,39,22,19,12,18,5,32,3,61,18,171,26,143,316,76,87,50,16,7,2,44,55,7,49,,,41,,,,191
August 2017,43,2,139,,,1,5,,304,16,4,16,,6,3,11,,5,32,9,12,19,20,3,4,10,2,20,7,13,12,8,1,23,,102,7,94,85,221,313,35,35,12,64,36,171,229,46,21,19,14,57,11,75,6,7,54,29,39,25,23,11,15,3,32,4,65,20,167,27,144,275,71,94,46,17,7,2,42,52,12,51,,,49,,,,180
September 2017,45,3,112,,,1,3,,291,14,2,14,,6,4,10,,3,31,9,12,18,24,2,3,10,1,22,6,14,12,7,1,25,,98,4,93,79,210,309,43,34,17,61,45,165,213,47,20,16,11,57,12,83,6,6,52,32,34,26,18,8,17,3,39,4,73,18,156,24,142,247,68,85,50,18,7,1,40,52,12,47,,,48,,,,176
October 2017,51,4,109,,,1,4,,298,14,2,13,,5,4,11,,3,29,10,17,17,27,1,3,10,,19,6,14,12,9,1,25,,104,6,104,82,217,327,54,34,43,91,42,178,207,46,19,14,11,61,12,76,6,5,51,26,36,20,19,11,21,3,37,3,92,23,160,27,156,252,73,79,47,22,9,1,42,54,14,50,,,53,,,,235
November 2017,52,6,105,,,1,4,,359,15,4,8,,6,4,10,,6,27,9,17,17,32,1,2,10,,17,7,14,12,12,1,27,,140,14,120,87,215,327,57,46,48,105,38,211,234,43,18,12,10,59,16,76,8,9,51,32,33,22,20,12,24,4,55,5,102,27,172,23,169,256,69,81,44,18,11,1,48,55,13,61,,,59,,,,235
December 2017,52,4,128,,1,1,3,,357,17,3,10,,11,4,11,,2,28,8,20,19,35,2,2,8,,19,8,15,12,9,1,24,,155,13,121,94,240,331,66,44,49,102,36,217,252,36,19,11,13,58,16,76,7,8,47,34,36,24,19,11,26,4,70,8,106,23,179,22,161,252,68,82,42,17,8,2,43,58,15,62,,,41,,,,222
January 2018,57,7,147,,1,1,25,,403,19,4,13,,12,4,12,,3,27,9,23,18,42,2,3,11,1,15,7,14,11,11,1,28,,176,13,132,99,257,366,71,44,49,114,38,244,268,33,16,10,11,64,14,76,6,8,52,29,35,24,24,12,27,4,74,7,106,36,185,24,176,280,73,84,46,22,8,1,50,62,13,69,,,105,,,,302
February 2018,50,6,134,,1,1,27,,389,19,2,10,,13,4,13,,3,26,11,21,19,41,3,2,11,1,12,7,14,11,10,1,28,,170,14,125,108,277,383,71,36,43,113,43,252,284,33,15,9,12,73,11,70,6,10,60,30,35,29,18,9,28,3,76,8,111,34,191,22,136,298,77,86,57,18,8,1,51,59,13,74,,,73,,,,245
March 2018,47,7,145,,1,1,25,,423,21,2,9,,12,4,13,,5,25,12,20,21,37,3,3,14,2,10,9,20,6,7,1,28,,171,13,130,97,268,392,65,36,19,105,49,257,293,31,14,8,15,70,10,63,7,10,55,30,35,31,16,9,26,3,56,5,107,42,195,23,130,284,81,82,71,20,6,1,44,59,13,69,,,51,,,1,"1,812"
April 2018,45,7,135,,1,2,20,2,405,21,1,5,,10,4,10,,4,23,11,20,14,37,3,3,12,2,10,15,20,7,8,1,24,,158,11,132,98,258,372,61,33,13,98,43,249,299,32,13,11,16,69,11,70,7,10,57,28,34,29,17,10,28,3,46,9,117,39,188,26,123,279,80,86,71,16,4,1,41,58,10,62,,,63,,,,"2,019"
May 2018,52,5,126,1,,1,19,1,399,20,2,7,,15,4,11,,3,22,11,18,16,35,2,3,11,2,12,15,19,8,10,1,19,,150,9,117,89,264,376,65,32,14,95,43,236,297,31,14,12,15,74,9,66,10,11,56,23,64,26,15,13,33,2,42,9,110,32,182,24,113,284,84,90,83,19,4,1,46,57,7,58,,,80,,,,"1,651"
June 2018,45,4,125,,1,1,16,2,384,19,1,8,,14,4,12,,6,19,12,15,14,32,2,2,11,2,9,15,20,8,7,1,16,,144,7,106,84,242,385,62,32,14,90,48,221,308,29,16,11,11,72,8,65,9,8,54,20,61,23,14,11,29,1,43,13,100,31,196,23,117,321,88,93,81,18,6,1,46,55,6,56,,,94,,,,"1,047"
July 2018,50,2,130,,1,1,15,2,381,21,1,10,,16,4,11,,6,18,13,15,16,32,2,2,8,2,8,13,20,11,6,1,21,1,158,7,109,90,247,398,57,29,15,92,48,217,311,27,17,10,11,72,7,68,10,8,53,25,65,22,16,10,34,2,47,11,100,28,206,29,132,340,98,100,82,19,8,1,51,56,7,54,,,65,,,,698
August 2018,46,2,115,1,2,1,15,1,400,19,1,9,,15,4,13,,5,21,16,16,18,36,3,2,8,2,8,14,22,11,8,,23,,161,5,112,90,251,391,56,34,20,93,47,204,308,29,16,15,10,88,7,71,9,7,53,24,60,24,19,15,31,1,53,12,109,27,202,26,134,308,93,100,73,21,4,1,53,53,6,60,,,85,,,,
September 2018,47,2,114,1,3,1,11,2,398,18,1,9,,15,5,9,,6,20,13,13,19,32,4,2,9,2,7,12,19,12,11,,22,,153,7,104,95,251,384,63,31,22,92,45,201,283,28,11,11,9,77,6,84,6,7,47,21,55,26,21,12,23,2,56,14,99,24,192,28,151,263,96,109,61,18,4,1,45,49,7,50,1,,83,,,,
October 2018,40,2,118,1,3,1,8,4,413,20,,10,1,16,3,11,,6,18,15,17,21,35,3,2,11,1,8,12,19,11,11,,29,,172,5,120,96,251,394,75,32,45,105,47,242,305,31,12,19,11,79,9,86,6,4,53,19,54,33,19,10,27,2,71,16,105,30,211,27,181,257,91,98,66,17,4,1,53,60,8,52,,,103,,,1,
November 2018,41,3,127,1,3,1,7,8,442,18,3,14,,18,3,15,,7,15,16,21,16,40,3,2,11,1,10,13,18,10,15,,30,,193,12,135,105,277,405,79,41,89,99,50,277,336,31,14,17,11,77,8,89,8,5,56,20,61,33,20,12,28,1,85,21,150,34,216,23,193,261,96,97,58,19,6,1,56,56,9,60,,,114,,1,,
December 2018,44,5,157,1,2,1,9,4,499,16,1,13,,17,6,14,,6,17,18,23,21,40,3,3,13,1,9,12,18,11,15,,30,,202,12,145,116,283,407,94,40,91,106,50,286,336,29,9,17,15,77,9,89,8,4,64,24,67,36,21,10,21,,95,27,147,37,230,24,196,252,94,88,57,23,6,1,57,60,9,69,,,127,,2,1,
January 2019,48,5,165,1,2,1,9,4,524,21,1,15,,18,5,15,,7,13,21,28,26,46,3,4,13,2,9,11,21,13,15,,32,,222,18,161,151,319,463,109,37,98,147,65,328,379,32,16,22,13,80,11,101,9,4,76,27,55,44,23,14,33,1,102,32,171,45,249,30,206,269,106,105,62,27,6,,52,57,9,84,,,196,,1,,
February 2019,48,6,160,1,3,1,8,8,527,20,4,16,,17,5,16,,9,15,20,30,29,43,3,3,15,2,10,11,20,13,15,,38,,260,24,167,151,336,483,108,41,92,173,66,348,406,34,14,22,15,81,14,88,9,5,78,28,54,46,20,13,36,1,116,27,186,46,248,26,216,271,106,108,63,33,8,,60,56,8,87,,,161,,2,,
March 2019,48,5,169,1,3,2,6,8,554,22,3,13,,21,5,23,,12,19,18,33,34,45,3,2,15,1,11,14,19,17,18,1,36,,282,22,177,165,369,521,116,48,143,209,71,362,428,40,17,24,20,87,15,101,9,8,79,36,54,55,20,18,47,1,120,19,225,51,252,29,240,293,117,110,59,29,8,2,68,51,8,115,,,410,,1,,
April 2019,55,5,164,,3,,7,7,581,23,2,13,,20,6,22,,13,15,17,30,32,46,4,2,19,1,12,13,18,16,15,1,34,,309,23,176,161,387,546,119,47,127,209,74,370,454,43,22,26,18,84,13,101,11,9,82,33,61,57,24,20,51,1,120,23,652,48,256,24,233,297,124,114,58,30,8,2,67,55,7,118,,,167,,1,,
May 2019,56,4,161,,3,,6,10,572,19,2,17,,20,7,23,,15,17,20,27,27,39,4,3,20,1,14,12,20,15,15,1,37,,312,16,180,167,372,541,130,44,115,216,75,375,464,40,23,23,17,96,18,104,10,10,94,33,60,56,24,21,47,1,118,19,573,53,255,22,232,318,120,112,62,33,8,2,71,49,9,115,1,,147,,,2,
June 2019,48,4,178,,3,,7,11,587,22,3,20,,19,8,22,,16,15,20,23,26,45,4,3,19,1,13,11,18,14,17,1,34,,308,13,181,167,375,548,116,39,110,201,73,353,472,37,29,22,17,91,19,115,7,10,87,33,57,55,23,22,46,1,100,20,508,48,264,27,228,349,123,112,78,33,9,1,77,61,12,121,2,,186,,,,
July 2019,50,3,171,,3,1,6,9,553,21,3,23,,18,9,24,,15,16,21,23,26,49,3,3,21,1,13,10,17,18,18,1,35,,312,12,173,171,382,580,113,38,103,226,78,355,482,40,29,27,18,100,18,112,7,10,81,34,61,58,27,24,53,2,93,20,437,48,283,24,239,386,118,128,87,34,9,1,79,66,13,118,1,,189,,,2,
August 2019,45,4,164,,3,1,7,11,543,19,3,19,,17,10,24,,17,15,17,22,28,45,2,3,22,1,12,10,19,20,16,1,35,,299,11,189,181,390,577,118,43,97,241,80,351,488,39,29,28,20,106,19,120,9,12,85,37,59,58,26,21,53,1,95,22,372,56,279,26,243,358,104,125,76,33,8,1,72,69,11,109,,,179,,,1,
September 2019,45,4,148,,3,2,7,16,547,17,4,16,,17,10,24,,18,16,17,21,26,45,3,2,22,1,11,9,19,18,12,1,36,,291,15,197,188,369,556,121,45,134,243,82,370,494,35,26,27,23,100,18,118,14,11,84,39,56,60,25,21,64,,99,24,306,56,287,29,246,309,111,131,74,32,9,1,73,68,10,97,,,176,,,,
October 2019,45,5,164,,4,2,7,15,578,25,2,17,1,16,12,22,,17,14,19,24,32,43,4,2,23,2,11,10,16,24,13,1,37,,318,19,229,193,402,585,131,54,241,250,90,395,554,37,25,27,19,102,18,126,12,13,98,41,58,72,25,25,68,,120,25,300,58,288,34,267,308,117,131,83,32,10,1,75,61,12,109,,,234,,,1,
November 2019,58,5,176,,4,1,7,17,652,31,3,25,1,19,10,26,,17,17,18,31,37,47,4,3,23,2,12,10,16,22,15,1,43,,385,31,263,191,420,588,142,63,289,265,95,469,564,32,26,25,21,101,21,130,11,13,105,48,59,74,27,30,72,,149,38,293,63,299,35,277,313,122,141,82,34,6,3,76,67,12,121,,,235,,,,
December 2019,61,3,204,,4,3,7,17,658,31,2,39,1,21,8,28,,17,15,24,38,37,51,4,2,23,3,12,8,16,26,17,1,42,,434,37,297,199,426,604,149,60,296,258,98,494,601,32,26,26,18,95,22,132,11,14,112,44,59,78,26,32,75,,156,46,302,68,321,36,292,309,128,142,77,35,6,3,83,71,12,118,,,221,,,1,
January 2020,69,7,257,,3,2,8,17,720,36,2,53,1,22,9,34,,17,14,27,42,42,63,6,2,32,3,15,8,20,35,27,,42,,513,41,350,213,469,687,164,63,351,285,111,543,651,35,26,23,20,100,23,136,15,14,121,45,64,85,27,34,84,2,162,49,312,69,356,41,320,337,145,153,79,33,9,3,85,78,14,140,1,,302,,,,
February 2020,82,7,244,,3,3,7,16,682,37,4,50,1,24,9,35,,18,9,29,46,43,74,7,3,32,3,14,8,18,34,26,,44,,557,44,351,233,532,695,159,61,334,276,118,578,677,36,29,25,19,102,27,132,14,12,128,43,67,91,28,34,77,2,164,49,311,71,356,39,319,352,144,163,77,35,11,2,91,75,14,154,1,,245,,,,
March 2020,103,8,298,,4,4,13,15,806,44,5,58,2,29,10,47,,25,12,42,54,59,86,7,3,40,5,14,10,23,40,29,1,54,,714,47,455,279,649,891,263,75,321,296,136,766,947,47,58,39,33,121,31,172,19,20,153,58,87,107,32,45,93,3,175,55,481,81,410,54,403,514,193,198,108,79,18,4,152,105,15,326,1,1,1774,,,1,
April 2020,124,10,311,,4,5,12,16,896,52,8,57,3,25,10,51,,28,11,42,58,61,98,9,4,43,6,15,12,29,40,28,1,63,,822,46,498,304,750,986,376,87,366,329,144,923,1230,54,87,38,27,130,33,189,16,26,181,64,99,116,35,61,128,4,203,60,643,94,442,63,452,627,318,220,124,120,25,5,173,116,21,489,1,1,1991,,,1,
May 2020,115,8,297,,4,5,12,20,902,44,6,67,3,30,12,58,,24,9,45,62,62,100,8,4,51,6,16,11,39,35,23,1,55,,772,39,485,302,742,987,464,89,390,352,141,1105,1303,56,89,37,30,135,34,200,15,32,193,71,117,117,38,65,141,3,238,56,684,90,460,63,446,599,215,206,123,137,22,4,182,127,18,333,1,,1597,,,1,
June 2020,104,5,310,,4,3,13,23,913,44,6,69,1,28,11,60,,24,10,43,57,60,99,8,4,59,7,20,8,38,42,22,1,57,,740,32,464,315,744,995,459,88,538,387,147,1213,1361,59,78,41,30,144,35,207,13,29,194,83,128,123,42,73,144,3,244,69,707,114,494,63,457,620,183,206,138,137,25,4,212,137,15,267,1,,1044,,1,2,
July 2020,102,6,304,,4,4,13,37,937,47,4,80,2,25,13,60,,29,13,47,59,64,99,9,4,61,7,17,9,40,57,21,1,53,,713,32,466,320,794,1073,455,91,1101,438,150,1455,1343,62,69,46,36,151,38,216,23,28,192,79,123,136,38,69,141,3,271,68,822,119,489,67,468,627,184,219,149,129,24,5,250,141,16,248,1,,695,,,3,
August 2020,111,8,306,,3,5,13,49,950,46,4,87,2,24,13,64,,31,15,45,55,70,101,9,4,64,6,16,9,39,58,26,1,53,,711,30,475,336,816,1054,495,99,1191,420,148,1574,1356,57,68,50,37,172,44,245,17,26,212,84,123,150,41,73,151,2,285,73,911,125,495,58,530,612,197,221,137,120,24,5,305,151,18,250,2,,723,1,,1,